property_id,municipality,state,culture,area_ha,obs_date,ndvi_mean,ndvi_std,evi_mean,cloud_cover_pct,satellite
PR-0001,Toledo,PR,soja,2237.6,2023-01-01,0.747,0.092,0.631,0.7,Sentinel-2
PR-0001,Toledo,PR,soja,2237.6,2023-01-31,0.531,0.056,0.464,2.0,Sentinel-2
PR-0001,Toledo,PR,soja,2237.6,2023-03-02,0.697,0.06,0.615,6.3,Sentinel-2
PR-0001,Toledo,PR,soja,2237.6,2023-04-01,0.857,0.065,0.772,13.3,Sentinel-2
PR-0001,Toledo,PR,soja,2237.6,2023-05-01,0.821,0.061,0.708,1.4,Sentinel-2
PR-0001,Toledo,PR,soja,2237.6,2023-05-31,0.554,0.077,0.477,0.8,Sentinel-2
PR-0001,Toledo,PR,soja,2237.6,2023-06-30,0.799,0.082,0.666,10.5,Sentinel-2
PR-0001,Toledo,PR,soja,2237.6,2023-07-30,0.53,0.01,0.449,3.8,Sentinel-2
PR-0001,Toledo,PR,soja,2237.6,2023-08-29,0.462,0.048,0.373,6.9,Sentinel-2
PR-0001,Toledo,PR,soja,2237.6,2023-09-28,0.585,0.058,0.503,2.1,Sentinel-2
PR-0001,Toledo,PR,soja,2237.6,2023-10-28,0.71,0.068,0.619,2.6,Sentinel-2
PR-0001,Toledo,PR,soja,2237.6,2023-11-27,0.766,0.047,0.652,3.7,Sentinel-2
PR-0002,Palotina,PR,trigo,2120.4,2023-01-01,0.598,0.052,0.519,3.8,Sentinel-2
PR-0002,Palotina,PR,trigo,2120.4,2023-01-31,0.585,0.089,0.507,6.5,Sentinel-2
PR-0002,Palotina,PR,trigo,2120.4,2023-03-02,0.565,0.025,0.494,0.3,Sentinel-2
PR-0002,Palotina,PR,trigo,2120.4,2023-04-01,0.572,0.054,0.512,1.9,Sentinel-2
PR-0002,Palotina,PR,trigo,2120.4,2023-05-01,0.781,0.046,0.668,4.0,Sentinel-2
PR-0002,Palotina,PR,trigo,2120.4,2023-05-31,0.717,0.079,0.613,2.5,Sentinel-2
PR-0002,Palotina,PR,trigo,2120.4,2023-06-30,0.573,0.086,0.496,18.2,Sentinel-2
PR-0002,Palotina,PR,trigo,2120.4,2023-07-30,0.715,0.049,0.631,48.1,Sentinel-2
PR-0002,Palotina,PR,trigo,2120.4,2023-08-29,0.522,0.059,0.463,7.9,Sentinel-2
PR-0002,Palotina,PR,trigo,2120.4,2023-09-28,0.665,0.065,0.559,0.5,Sentinel-2
PR-0002,Palotina,PR,trigo,2120.4,2023-10-28,0.38,0.105,0.278,15.8,Sentinel-2
PR-0002,Palotina,PR,trigo,2120.4,2023-11-27,0.597,0.092,0.521,9.2,Sentinel-2
PR-0003,Ponta Grossa,PR,trigo,2317.4,2023-01-01,0.74,0.074,0.596,16.7,Sentinel-2
PR-0003,Ponta Grossa,PR,trigo,2317.4,2023-01-31,0.728,0.058,0.657,1.6,Sentinel-2
PR-0003,Ponta Grossa,PR,trigo,2317.4,2023-03-02,0.84,0.039,0.722,7.5,Sentinel-2
PR-0003,Ponta Grossa,PR,trigo,2317.4,2023-04-01,0.8,0.079,0.724,6.2,Sentinel-2
PR-0003,Ponta Grossa,PR,trigo,2317.4,2023-05-01,0.594,0.036,0.535,0.2,Sentinel-2
PR-0003,Ponta Grossa,PR,trigo,2317.4,2023-05-31,0.57,0.097,0.479,14.3,Sentinel-2
PR-0003,Ponta Grossa,PR,trigo,2317.4,2023-06-30,0.557,0.066,0.519,0.7,Sentinel-2
PR-0003,Ponta Grossa,PR,trigo,2317.4,2023-07-30,0.385,0.052,0.336,11.4,Sentinel-2
PR-0003,Ponta Grossa,PR,trigo,2317.4,2023-08-29,0.576,0.05,0.476,2.5,Sentinel-2
PR-0003,Ponta Grossa,PR,trigo,2317.4,2023-09-28,0.671,0.075,0.569,1.9,Sentinel-2
PR-0003,Ponta Grossa,PR,trigo,2317.4,2023-10-28,0.477,0.052,0.421,42.6,Sentinel-2
PR-0003,Ponta Grossa,PR,trigo,2317.4,2023-11-27,0.741,0.047,0.627,5.8,Sentinel-2
PR-0004,Toledo,PR,milho,712.9,2023-01-01,0.831,0.063,0.721,9.8,Sentinel-2
PR-0004,Toledo,PR,milho,712.9,2023-01-31,0.672,0.067,0.588,0.3,Sentinel-2
PR-0004,Toledo,PR,milho,712.9,2023-03-02,0.61,0.081,0.527,6.2,Sentinel-2
PR-0004,Toledo,PR,milho,712.9,2023-04-01,0.816,0.053,0.669,6.9,Sentinel-2
PR-0004,Toledo,PR,milho,712.9,2023-05-01,0.606,0.083,0.52,8.6,Sentinel-2
PR-0004,Toledo,PR,milho,712.9,2023-05-31,0.629,0.047,0.564,16.0,Sentinel-2
PR-0004,Toledo,PR,milho,712.9,2023-06-30,0.765,0.07,0.661,10.4,Sentinel-2
PR-0004,Toledo,PR,milho,712.9,2023-07-30,0.566,0.063,0.484,1.7,Sentinel-2
PR-0004,Toledo,PR,milho,712.9,2023-08-29,0.536,0.058,0.475,16.6,Sentinel-2
PR-0004,Toledo,PR,milho,712.9,2023-09-28,0.802,0.092,0.715,15.5,Sentinel-2
PR-0004,Toledo,PR,milho,712.9,2023-10-28,0.822,0.077,0.712,0.8,Sentinel-2
PR-0004,Toledo,PR,milho,712.9,2023-11-27,0.675,0.06,0.572,4.2,Sentinel-2
PR-0005,Maringá,PR,milho,2600.7,2023-01-01,0.684,0.061,0.56,12.3,Sentinel-2
PR-0005,Maringá,PR,milho,2600.7,2023-01-31,0.854,0.053,0.773,10.5,Sentinel-2
PR-0005,Maringá,PR,milho,2600.7,2023-03-02,0.717,0.031,0.611,2.0,Sentinel-2
PR-0005,Maringá,PR,milho,2600.7,2023-04-01,0.687,0.09,0.609,0.5,Sentinel-2
PR-0005,Maringá,PR,milho,2600.7,2023-05-01,0.585,0.066,0.465,6.1,Sentinel-2
PR-0005,Maringá,PR,milho,2600.7,2023-05-31,0.639,0.082,0.564,15.2,Sentinel-2
PR-0005,Maringá,PR,milho,2600.7,2023-06-30,0.641,0.063,0.571,22.7,Sentinel-2
PR-0005,Maringá,PR,milho,2600.7,2023-07-30,0.507,0.036,0.43,0.3,Sentinel-2
PR-0005,Maringá,PR,milho,2600.7,2023-08-29,0.753,0.074,0.639,2.4,Sentinel-2
PR-0005,Maringá,PR,milho,2600.7,2023-09-28,0.638,0.052,0.54,2.5,Sentinel-2
PR-0005,Maringá,PR,milho,2600.7,2023-10-28,0.798,0.081,0.65,22.0,Sentinel-2
PR-0005,Maringá,PR,milho,2600.7,2023-11-27,0.753,0.088,0.657,6.6,Sentinel-2
PR-0006,Toledo,PR,soja,1636.0,2023-01-01,0.448,0.106,0.42,3.7,Sentinel-2
PR-0006,Toledo,PR,soja,1636.0,2023-01-31,0.33,0.081,0.319,9.7,Sentinel-2
PR-0006,Toledo,PR,soja,1636.0,2023-03-02,0.244,0.022,0.211,13.6,Sentinel-2
PR-0006,Toledo,PR,soja,1636.0,2023-04-01,0.46,0.051,0.428,22.4,Sentinel-2
PR-0006,Toledo,PR,soja,1636.0,2023-05-01,0.423,0.067,0.388,2.5,Sentinel-2
PR-0006,Toledo,PR,soja,1636.0,2023-05-31,0.469,0.035,0.389,1.8,Sentinel-2
PR-0006,Toledo,PR,soja,1636.0,2023-06-30,0.338,0.048,0.251,15.0,Sentinel-2
PR-0006,Toledo,PR,soja,1636.0,2023-07-30,0.406,0.078,0.364,2.6,Sentinel-2
PR-0006,Toledo,PR,soja,1636.0,2023-08-29,0.562,0.061,0.479,10.8,Sentinel-2
PR-0006,Toledo,PR,soja,1636.0,2023-09-28,0.411,0.04,0.351,0.1,Sentinel-2
PR-0006,Toledo,PR,soja,1636.0,2023-10-28,0.654,0.079,0.59,14.4,Sentinel-2
PR-0006,Toledo,PR,soja,1636.0,2023-11-27,0.399,0.05,0.341,1.1,Sentinel-2
PR-0007,Umuarama,PR,trigo,2702.0,2023-01-01,0.711,0.052,0.618,12.1,Sentinel-2
PR-0007,Umuarama,PR,trigo,2702.0,2023-01-31,0.701,0.075,0.596,7.8,Sentinel-2
PR-0007,Umuarama,PR,trigo,2702.0,2023-03-02,0.793,0.098,0.726,13.3,Sentinel-2
PR-0007,Umuarama,PR,trigo,2702.0,2023-04-01,0.424,0.063,0.366,10.7,Sentinel-2
PR-0007,Umuarama,PR,trigo,2702.0,2023-05-01,0.444,0.1,0.4,13.3,Sentinel-2
PR-0007,Umuarama,PR,trigo,2702.0,2023-05-31,0.362,0.056,0.35,0.9,Sentinel-2
PR-0007,Umuarama,PR,trigo,2702.0,2023-06-30,0.721,0.032,0.634,4.9,Sentinel-2
PR-0007,Umuarama,PR,trigo,2702.0,2023-07-30,0.77,0.048,0.703,2.1,Sentinel-2
PR-0007,Umuarama,PR,trigo,2702.0,2023-08-29,0.641,0.062,0.539,27.3,Sentinel-2
PR-0007,Umuarama,PR,trigo,2702.0,2023-09-28,0.844,0.055,0.762,4.1,Sentinel-2
PR-0007,Umuarama,PR,trigo,2702.0,2023-10-28,0.785,0.057,0.692,28.2,Sentinel-2
PR-0007,Umuarama,PR,trigo,2702.0,2023-11-27,0.63,0.082,0.594,2.5,Sentinel-2
PR-0008,Toledo,PR,algodão,1332.0,2023-01-01,0.255,0.082,0.254,1.7,Sentinel-2
PR-0008,Toledo,PR,algodão,1332.0,2023-01-31,0.785,0.081,0.689,5.9,Sentinel-2
PR-0008,Toledo,PR,algodão,1332.0,2023-03-02,0.669,0.031,0.612,1.8,Sentinel-2
PR-0008,Toledo,PR,algodão,1332.0,2023-04-01,0.522,0.016,0.475,20.3,Sentinel-2
PR-0008,Toledo,PR,algodão,1332.0,2023-05-01,0.383,0.039,0.363,5.7,Sentinel-2
PR-0008,Toledo,PR,algodão,1332.0,2023-05-31,0.717,0.051,0.608,9.6,Sentinel-2
PR-0008,Toledo,PR,algodão,1332.0,2023-06-30,0.44,0.056,0.373,11.0,Sentinel-2
PR-0008,Toledo,PR,algodão,1332.0,2023-07-30,0.411,0.072,0.38,4.2,Sentinel-2
PR-0008,Toledo,PR,algodão,1332.0,2023-08-29,0.576,0.045,0.509,7.5,Sentinel-2
PR-0008,Toledo,PR,algodão,1332.0,2023-09-28,0.821,0.051,0.734,9.0,Sentinel-2
PR-0008,Toledo,PR,algodão,1332.0,2023-10-28,0.37,0.058,0.353,8.6,Sentinel-2
PR-0008,Toledo,PR,algodão,1332.0,2023-11-27,0.547,0.054,0.505,7.7,Sentinel-2
PR-0009,Toledo,PR,milho,2034.7,2023-01-01,0.704,0.049,0.667,7.6,Sentinel-2
PR-0009,Toledo,PR,milho,2034.7,2023-01-31,0.779,0.063,0.656,17.4,Sentinel-2
PR-0009,Toledo,PR,milho,2034.7,2023-03-02,0.51,0.045,0.429,1.3,Sentinel-2
PR-0009,Toledo,PR,milho,2034.7,2023-04-01,0.761,0.044,0.623,15.8,Sentinel-2
PR-0009,Toledo,PR,milho,2034.7,2023-05-01,0.757,0.037,0.665,9.5,Sentinel-2
PR-0009,Toledo,PR,milho,2034.7,2023-05-31,0.813,0.035,0.713,20.0,Sentinel-2
PR-0009,Toledo,PR,milho,2034.7,2023-06-30,0.646,0.067,0.538,6.5,Sentinel-2
PR-0009,Toledo,PR,milho,2034.7,2023-07-30,0.633,0.046,0.581,4.7,Sentinel-2
PR-0009,Toledo,PR,milho,2034.7,2023-08-29,0.701,0.021,0.57,4.7,Sentinel-2
PR-0009,Toledo,PR,milho,2034.7,2023-09-28,0.796,0.081,0.726,4.8,Sentinel-2
PR-0009,Toledo,PR,milho,2034.7,2023-10-28,0.683,0.022,0.588,5.3,Sentinel-2
PR-0009,Toledo,PR,milho,2034.7,2023-11-27,0.885,0.061,0.791,10.0,Sentinel-2
PR-0010,Palotina,PR,trigo,1040.8,2023-01-01,0.455,0.066,0.387,1.9,Sentinel-2
PR-0010,Palotina,PR,trigo,1040.8,2023-01-31,0.442,0.045,0.394,5.0,Sentinel-2
PR-0010,Palotina,PR,trigo,1040.8,2023-03-02,0.592,0.074,0.489,23.4,Sentinel-2
PR-0010,Palotina,PR,trigo,1040.8,2023-04-01,0.521,0.101,0.458,6.9,Sentinel-2
PR-0010,Palotina,PR,trigo,1040.8,2023-05-01,0.06,0.067,0.046,17.8,Sentinel-2
PR-0010,Palotina,PR,trigo,1040.8,2023-05-31,0.424,0.073,0.348,10.6,Sentinel-2
PR-0010,Palotina,PR,trigo,1040.8,2023-06-30,0.392,0.019,0.325,5.3,Sentinel-2
PR-0010,Palotina,PR,trigo,1040.8,2023-07-30,0.326,0.037,0.303,12.8,Sentinel-2
PR-0010,Palotina,PR,trigo,1040.8,2023-08-29,0.286,0.022,0.298,6.1,Sentinel-2
PR-0010,Palotina,PR,trigo,1040.8,2023-09-28,0.25,0.082,0.203,8.7,Sentinel-2
PR-0010,Palotina,PR,trigo,1040.8,2023-10-28,0.501,0.071,0.444,2.4,Sentinel-2
PR-0010,Palotina,PR,trigo,1040.8,2023-11-27,0.348,0.05,0.322,3.3,Sentinel-2
PR-0011,Londrina,PR,trigo,2268.4,2023-01-01,0.499,0.068,0.459,60,Sentinel-2
PR-0011,Londrina,PR,trigo,2268.4,2023-01-31,0.517,0.043,0.473,12.2,Sentinel-2
PR-0011,Londrina,PR,trigo,2268.4,2023-03-02,0.393,0.033,0.355,0.2,Sentinel-2
PR-0011,Londrina,PR,trigo,2268.4,2023-04-01,0.477,0.066,0.424,8.9,Sentinel-2
PR-0011,Londrina,PR,trigo,2268.4,2023-05-01,0.349,0.055,0.293,1.5,Sentinel-2
PR-0011,Londrina,PR,trigo,2268.4,2023-05-31,0.242,0.034,0.19,1.0,Sentinel-2
PR-0011,Londrina,PR,trigo,2268.4,2023-06-30,0.54,0.013,0.473,3.0,Sentinel-2
PR-0011,Londrina,PR,trigo,2268.4,2023-07-30,0.436,0.038,0.334,4.0,Sentinel-2
PR-0011,Londrina,PR,trigo,2268.4,2023-08-29,0.41,0.052,0.347,0.9,Sentinel-2
PR-0011,Londrina,PR,trigo,2268.4,2023-09-28,0.356,0.065,0.271,7.3,Sentinel-2
PR-0011,Londrina,PR,trigo,2268.4,2023-10-28,0.729,0.1,0.638,4.5,Sentinel-2
PR-0011,Londrina,PR,trigo,2268.4,2023-11-27,0.401,0.044,0.366,3.3,Sentinel-2
PR-0012,Londrina,PR,cana-de-açúcar,361.3,2023-01-01,0.639,0.032,0.55,10.6,Sentinel-2
PR-0012,Londrina,PR,cana-de-açúcar,361.3,2023-01-31,0.657,0.075,0.568,13.2,Sentinel-2
PR-0012,Londrina,PR,cana-de-açúcar,361.3,2023-03-02,0.65,0.055,0.535,2.5,Sentinel-2
PR-0012,Londrina,PR,cana-de-açúcar,361.3,2023-04-01,0.807,0.082,0.672,0.7,Sentinel-2
PR-0012,Londrina,PR,cana-de-açúcar,361.3,2023-05-01,0.72,0.05,0.599,3.8,Sentinel-2
PR-0012,Londrina,PR,cana-de-açúcar,361.3,2023-05-31,0.697,0.098,0.614,1.6,Sentinel-2
PR-0012,Londrina,PR,cana-de-açúcar,361.3,2023-06-30,0.708,0.095,0.594,9.7,Sentinel-2
PR-0012,Londrina,PR,cana-de-açúcar,361.3,2023-07-30,0.826,0.06,0.722,23.7,Sentinel-2
PR-0012,Londrina,PR,cana-de-açúcar,361.3,2023-08-29,0.793,0.076,0.657,9.4,Sentinel-2
PR-0012,Londrina,PR,cana-de-açúcar,361.3,2023-09-28,0.761,0.046,0.644,12.6,Sentinel-2
PR-0012,Londrina,PR,cana-de-açúcar,361.3,2023-10-28,0.803,0.068,0.693,7.0,Sentinel-2
PR-0012,Londrina,PR,cana-de-açúcar,361.3,2023-11-27,0.678,0.036,0.594,4.4,Sentinel-2
PR-0013,Ponta Grossa,PR,trigo,1087.8,2023-01-01,0.489,0.075,0.435,1.0,Sentinel-2
PR-0013,Ponta Grossa,PR,trigo,1087.8,2023-01-31,0.549,0.027,0.47,1.6,Sentinel-2
PR-0013,Ponta Grossa,PR,trigo,1087.8,2023-03-02,0.527,0.083,0.449,5.9,Sentinel-2
PR-0013,Ponta Grossa,PR,trigo,1087.8,2023-04-01,0.202,0.058,0.185,1.7,Sentinel-2
PR-0013,Ponta Grossa,PR,trigo,1087.8,2023-05-01,0.43,0.072,0.399,2.6,Sentinel-2
PR-0013,Ponta Grossa,PR,trigo,1087.8,2023-05-31,0.432,0.085,0.372,9.6,Sentinel-2
PR-0013,Ponta Grossa,PR,trigo,1087.8,2023-06-30,0.575,0.089,0.46,6.8,Sentinel-2
PR-0013,Ponta Grossa,PR,trigo,1087.8,2023-07-30,0.433,0.039,0.381,1.6,Sentinel-2
PR-0013,Ponta Grossa,PR,trigo,1087.8,2023-08-29,0.668,0.075,0.545,4.1,Sentinel-2
PR-0013,Ponta Grossa,PR,trigo,1087.8,2023-09-28,0.529,0.085,0.472,0.4,Sentinel-2
PR-0013,Ponta Grossa,PR,trigo,1087.8,2023-10-28,0.584,0.081,0.487,1.0,Sentinel-2
PR-0013,Ponta Grossa,PR,trigo,1087.8,2023-11-27,0.831,0.062,0.696,12.5,Sentinel-2
PR-0014,Palotina,PR,algodão,1172.1,2023-01-01,0.399,0.085,0.324,0.5,Sentinel-2
PR-0014,Palotina,PR,algodão,1172.1,2023-01-31,0.523,0.069,0.453,11.5,Sentinel-2
PR-0014,Palotina,PR,algodão,1172.1,2023-03-02,0.378,0.049,0.342,6.4,Sentinel-2
PR-0014,Palotina,PR,algodão,1172.1,2023-04-01,0.497,0.071,0.449,9.4,Sentinel-2
PR-0014,Palotina,PR,algodão,1172.1,2023-05-01,0.337,0.061,0.289,15.7,Sentinel-2
PR-0014,Palotina,PR,algodão,1172.1,2023-05-31,0.473,0.073,0.418,2.5,Sentinel-2
PR-0014,Palotina,PR,algodão,1172.1,2023-06-30,0.414,0.034,0.365,1.0,Sentinel-2
PR-0014,Palotina,PR,algodão,1172.1,2023-07-30,0.289,0.062,0.262,2.5,Sentinel-2
PR-0014,Palotina,PR,algodão,1172.1,2023-08-29,0.399,0.065,0.354,13.9,Sentinel-2
PR-0014,Palotina,PR,algodão,1172.1,2023-09-28,0.281,0.079,0.235,5.1,Sentinel-2
PR-0014,Palotina,PR,algodão,1172.1,2023-10-28,0.406,0.079,0.35,4.6,Sentinel-2
PR-0014,Palotina,PR,algodão,1172.1,2023-11-27,0.61,0.026,0.507,10.6,Sentinel-2
PR-0015,Guarapuava,PR,trigo,126.3,2023-01-01,0.853,0.051,0.699,60,Sentinel-2
PR-0015,Guarapuava,PR,trigo,126.3,2023-01-31,0.527,0.053,0.445,0.3,Sentinel-2
PR-0015,Guarapuava,PR,trigo,126.3,2023-03-02,0.655,0.037,0.544,1.6,Sentinel-2
PR-0015,Guarapuava,PR,trigo,126.3,2023-04-01,0.451,0.036,0.377,5.4,Sentinel-2
PR-0015,Guarapuava,PR,trigo,126.3,2023-05-01,0.655,0.07,0.555,15.6,Sentinel-2
PR-0015,Guarapuava,PR,trigo,126.3,2023-05-31,0.712,0.045,0.646,2.7,Sentinel-2
PR-0015,Guarapuava,PR,trigo,126.3,2023-06-30,0.76,0.048,0.64,3.0,Sentinel-2
PR-0015,Guarapuava,PR,trigo,126.3,2023-07-30,0.532,0.036,0.511,4.1,Sentinel-2
PR-0015,Guarapuava,PR,trigo,126.3,2023-08-29,0.244,0.055,0.198,4.3,Sentinel-2
PR-0015,Guarapuava,PR,trigo,126.3,2023-09-28,0.535,0.067,0.483,11.3,Sentinel-2
PR-0015,Guarapuava,PR,trigo,126.3,2023-10-28,0.519,0.036,0.459,21.0,Sentinel-2
PR-0015,Guarapuava,PR,trigo,126.3,2023-11-27,0.783,0.031,0.693,1.0,Sentinel-2
PR-0016,Guarapuava,PR,milho,2143.9,2023-01-01,0.536,0.052,0.518,19.5,Sentinel-2
PR-0016,Guarapuava,PR,milho,2143.9,2023-01-31,0.887,0.05,0.774,14.3,Sentinel-2
PR-0016,Guarapuava,PR,milho,2143.9,2023-03-02,0.489,0.06,0.41,14.4,Sentinel-2
PR-0016,Guarapuava,PR,milho,2143.9,2023-04-01,0.675,0.075,0.585,6.4,Sentinel-2
PR-0016,Guarapuava,PR,milho,2143.9,2023-05-01,0.398,0.09,0.305,16.0,Sentinel-2
PR-0016,Guarapuava,PR,milho,2143.9,2023-05-31,0.587,0.054,0.546,4.3,Sentinel-2
PR-0016,Guarapuava,PR,milho,2143.9,2023-06-30,0.731,0.05,0.643,2.8,Sentinel-2
PR-0016,Guarapuava,PR,milho,2143.9,2023-07-30,0.512,0.01,0.407,5.4,Sentinel-2
PR-0016,Guarapuava,PR,milho,2143.9,2023-08-29,0.689,0.08,0.585,6.3,Sentinel-2
PR-0016,Guarapuava,PR,milho,2143.9,2023-09-28,0.806,0.043,0.706,1.7,Sentinel-2
PR-0016,Guarapuava,PR,milho,2143.9,2023-10-28,0.629,0.035,0.551,0.4,Sentinel-2
PR-0016,Guarapuava,PR,milho,2143.9,2023-11-27,0.886,0.059,0.74,13.3,Sentinel-2
PR-0017,Londrina,PR,milho,1511.2,2023-01-01,0.898,0.097,0.777,14.9,Sentinel-2
PR-0017,Londrina,PR,milho,1511.2,2023-01-31,0.728,0.096,0.659,0.1,Sentinel-2
PR-0017,Londrina,PR,milho,1511.2,2023-03-02,0.83,0.092,0.73,12.2,Sentinel-2
PR-0017,Londrina,PR,milho,1511.2,2023-04-01,0.671,0.057,0.612,4.1,Sentinel-2
PR-0017,Londrina,PR,milho,1511.2,2023-05-01,0.694,0.069,0.592,24.7,Sentinel-2
PR-0017,Londrina,PR,milho,1511.2,2023-05-31,0.468,0.031,0.377,5.4,Sentinel-2
PR-0017,Londrina,PR,milho,1511.2,2023-06-30,0.439,0.053,0.385,2.7,Sentinel-2
PR-0017,Londrina,PR,milho,1511.2,2023-07-30,0.781,0.061,0.688,30.7,Sentinel-2
PR-0017,Londrina,PR,milho,1511.2,2023-08-29,0.612,0.029,0.542,2.8,Sentinel-2
PR-0017,Londrina,PR,milho,1511.2,2023-09-28,0.723,0.077,0.632,0.5,Sentinel-2
PR-0017,Londrina,PR,milho,1511.2,2023-10-28,0.6,0.076,0.523,9.2,Sentinel-2
PR-0017,Londrina,PR,milho,1511.2,2023-11-27,0.804,0.065,0.71,7.5,Sentinel-2
PR-0018,Londrina,PR,algodão,2065.2,2023-01-01,0.512,0.054,0.43,2.4,Sentinel-2
PR-0018,Londrina,PR,algodão,2065.2,2023-01-31,0.474,0.096,0.415,18.5,Sentinel-2
PR-0018,Londrina,PR,algodão,2065.2,2023-03-02,0.417,0.049,0.345,7.1,Sentinel-2
PR-0018,Londrina,PR,algodão,2065.2,2023-04-01,0.493,0.046,0.413,2.3,Sentinel-2
PR-0018,Londrina,PR,algodão,2065.2,2023-05-01,0.419,0.049,0.347,2.2,Sentinel-2
PR-0018,Londrina,PR,algodão,2065.2,2023-05-31,0.469,0.036,0.397,39.4,Sentinel-2
PR-0018,Londrina,PR,algodão,2065.2,2023-06-30,0.269,0.113,0.226,6.7,Sentinel-2
PR-0018,Londrina,PR,algodão,2065.2,2023-07-30,0.283,0.047,0.216,0.4,Sentinel-2
PR-0018,Londrina,PR,algodão,2065.2,2023-08-29,0.25,0.045,0.231,12.8,Sentinel-2
PR-0018,Londrina,PR,algodão,2065.2,2023-09-28,0.39,0.045,0.327,8.1,Sentinel-2
PR-0018,Londrina,PR,algodão,2065.2,2023-10-28,0.308,0.039,0.263,14.6,Sentinel-2
PR-0018,Londrina,PR,algodão,2065.2,2023-11-27,0.262,0.03,0.197,8.3,Sentinel-2
PR-0019,Umuarama,PR,cana-de-açúcar,148.4,2023-01-01,0.746,0.051,0.639,1.5,Sentinel-2
PR-0019,Umuarama,PR,cana-de-açúcar,148.4,2023-01-31,0.893,0.077,0.796,28.5,Sentinel-2
PR-0019,Umuarama,PR,cana-de-açúcar,148.4,2023-03-02,0.555,0.051,0.49,13.9,Sentinel-2
PR-0019,Umuarama,PR,cana-de-açúcar,148.4,2023-04-01,0.689,0.024,0.604,11.0,Sentinel-2
PR-0019,Umuarama,PR,cana-de-açúcar,148.4,2023-05-01,0.646,0.068,0.573,27.2,Sentinel-2
PR-0019,Umuarama,PR,cana-de-açúcar,148.4,2023-05-31,0.659,0.08,0.548,31.3,Sentinel-2
PR-0019,Umuarama,PR,cana-de-açúcar,148.4,2023-06-30,0.829,0.053,0.698,0.1,Sentinel-2
PR-0019,Umuarama,PR,cana-de-açúcar,148.4,2023-07-30,0.789,0.039,0.681,8.9,Sentinel-2
PR-0019,Umuarama,PR,cana-de-açúcar,148.4,2023-08-29,0.614,0.037,0.555,0.9,Sentinel-2
PR-0019,Umuarama,PR,cana-de-açúcar,148.4,2023-09-28,0.558,0.06,0.49,17.2,Sentinel-2
PR-0019,Umuarama,PR,cana-de-açúcar,148.4,2023-10-28,0.565,0.043,0.493,13.9,Sentinel-2
PR-0019,Umuarama,PR,cana-de-açúcar,148.4,2023-11-27,0.782,0.074,0.671,4.2,Sentinel-2
PR-0020,Marechal Cândido Rondon,PR,soja,2841.5,2023-01-01,0.77,0.06,0.672,3.9,Sentinel-2
PR-0020,Marechal Cândido Rondon,PR,soja,2841.5,2023-01-31,0.844,0.026,0.769,9.5,Sentinel-2
PR-0020,Marechal Cândido Rondon,PR,soja,2841.5,2023-03-02,0.591,0.053,0.508,8.5,Sentinel-2
PR-0020,Marechal Cândido Rondon,PR,soja,2841.5,2023-04-01,0.514,0.074,0.423,22.4,Sentinel-2
PR-0020,Marechal Cândido Rondon,PR,soja,2841.5,2023-05-01,0.612,0.09,0.536,2.2,Sentinel-2
PR-0020,Marechal Cândido Rondon,PR,soja,2841.5,2023-05-31,0.746,0.023,0.692,3.7,Sentinel-2
PR-0020,Marechal Cândido Rondon,PR,soja,2841.5,2023-06-30,0.757,0.043,0.674,27.6,Sentinel-2
PR-0020,Marechal Cândido Rondon,PR,soja,2841.5,2023-07-30,0.67,0.095,0.571,0.8,Sentinel-2
PR-0020,Marechal Cândido Rondon,PR,soja,2841.5,2023-08-29,0.674,0.088,0.592,3.2,Sentinel-2
PR-0020,Marechal Cândido Rondon,PR,soja,2841.5,2023-09-28,0.714,0.095,0.619,1.8,Sentinel-2
PR-0020,Marechal Cândido Rondon,PR,soja,2841.5,2023-10-28,0.781,0.038,0.648,2.1,Sentinel-2
PR-0020,Marechal Cândido Rondon,PR,soja,2841.5,2023-11-27,0.625,0.065,0.509,7.3,Sentinel-2
PR-0021,Umuarama,PR,milho,2963.2,2023-01-01,0.43,0.072,0.371,0.1,Sentinel-2
PR-0021,Umuarama,PR,milho,2963.2,2023-01-31,0.407,0.064,0.34,3.1,Sentinel-2
PR-0021,Umuarama,PR,milho,2963.2,2023-03-02,0.448,0.066,0.389,11.0,Sentinel-2
PR-0021,Umuarama,PR,milho,2963.2,2023-04-01,0.284,0.026,0.252,5.8,Sentinel-2
PR-0021,Umuarama,PR,milho,2963.2,2023-05-01,0.46,0.075,0.406,12.2,Sentinel-2
PR-0021,Umuarama,PR,milho,2963.2,2023-05-31,0.338,0.076,0.276,4.9,Sentinel-2
PR-0021,Umuarama,PR,milho,2963.2,2023-06-30,0.391,0.058,0.32,9.3,Sentinel-2
PR-0021,Umuarama,PR,milho,2963.2,2023-07-30,0.366,0.016,0.321,0.6,Sentinel-2
PR-0021,Umuarama,PR,milho,2963.2,2023-08-29,0.494,0.073,0.444,8.0,Sentinel-2
PR-0021,Umuarama,PR,milho,2963.2,2023-09-28,0.469,0.043,0.402,41.8,Sentinel-2
PR-0021,Umuarama,PR,milho,2963.2,2023-10-28,0.3,0.056,0.254,9.7,Sentinel-2
PR-0021,Umuarama,PR,milho,2963.2,2023-11-27,0.396,0.077,0.322,11.7,Sentinel-2
PR-0022,Palotina,PR,cana-de-açúcar,1382.1,2023-01-01,0.605,0.079,0.501,3.0,Sentinel-2
PR-0022,Palotina,PR,cana-de-açúcar,1382.1,2023-01-31,0.836,0.054,0.742,24.6,Sentinel-2
PR-0022,Palotina,PR,cana-de-açúcar,1382.1,2023-03-02,0.711,0.039,0.625,4.5,Sentinel-2
PR-0022,Palotina,PR,cana-de-açúcar,1382.1,2023-04-01,0.771,0.059,0.651,1.1,Sentinel-2
PR-0022,Palotina,PR,cana-de-açúcar,1382.1,2023-05-01,0.88,0.078,0.738,4.2,Sentinel-2
PR-0022,Palotina,PR,cana-de-açúcar,1382.1,2023-05-31,0.619,0.093,0.505,4.4,Sentinel-2
PR-0022,Palotina,PR,cana-de-açúcar,1382.1,2023-06-30,0.695,0.057,0.601,0.9,Sentinel-2
PR-0022,Palotina,PR,cana-de-açúcar,1382.1,2023-07-30,0.746,0.048,0.648,5.3,Sentinel-2
PR-0022,Palotina,PR,cana-de-açúcar,1382.1,2023-08-29,0.718,0.045,0.615,2.6,Sentinel-2
PR-0022,Palotina,PR,cana-de-açúcar,1382.1,2023-09-28,0.735,0.063,0.66,6.6,Sentinel-2
PR-0022,Palotina,PR,cana-de-açúcar,1382.1,2023-10-28,0.764,0.032,0.653,7.5,Sentinel-2
PR-0022,Palotina,PR,cana-de-açúcar,1382.1,2023-11-27,0.648,0.043,0.538,0.2,Sentinel-2
PR-0023,Umuarama,PR,trigo,2768.5,2023-01-01,0.872,0.062,0.74,1.2,Sentinel-2
PR-0023,Umuarama,PR,trigo,2768.5,2023-01-31,0.605,0.057,0.523,11.0,Sentinel-2
PR-0023,Umuarama,PR,trigo,2768.5,2023-03-02,0.675,0.08,0.577,10.2,Sentinel-2
PR-0023,Umuarama,PR,trigo,2768.5,2023-04-01,0.739,0.064,0.617,0.7,Sentinel-2
PR-0023,Umuarama,PR,trigo,2768.5,2023-05-01,0.631,0.064,0.527,2.5,Sentinel-2
PR-0023,Umuarama,PR,trigo,2768.5,2023-05-31,0.459,0.048,0.38,4.7,Sentinel-2
PR-0023,Umuarama,PR,trigo,2768.5,2023-06-30,0.543,0.093,0.489,2.7,Sentinel-2
PR-0023,Umuarama,PR,trigo,2768.5,2023-07-30,0.646,0.05,0.542,8.8,Sentinel-2
PR-0023,Umuarama,PR,trigo,2768.5,2023-08-29,0.676,0.066,0.586,2.9,Sentinel-2
PR-0023,Umuarama,PR,trigo,2768.5,2023-09-28,0.642,0.063,0.569,2.4,Sentinel-2
PR-0023,Umuarama,PR,trigo,2768.5,2023-10-28,0.644,0.062,0.56,3.8,Sentinel-2
PR-0023,Umuarama,PR,trigo,2768.5,2023-11-27,0.582,0.053,0.483,14.3,Sentinel-2
PR-0024,Campo Mourão,PR,soja,1221.4,2023-01-01,0.618,0.069,0.553,4.5,Sentinel-2
PR-0024,Campo Mourão,PR,soja,1221.4,2023-01-31,0.761,0.036,0.678,2.7,Sentinel-2
PR-0024,Campo Mourão,PR,soja,1221.4,2023-03-02,0.505,0.089,0.462,4.9,Sentinel-2
PR-0024,Campo Mourão,PR,soja,1221.4,2023-04-01,0.934,0.053,0.795,4.6,Sentinel-2
PR-0024,Campo Mourão,PR,soja,1221.4,2023-05-01,0.724,0.073,0.623,16.4,Sentinel-2
PR-0024,Campo Mourão,PR,soja,1221.4,2023-05-31,0.664,0.06,0.563,12.1,Sentinel-2
PR-0024,Campo Mourão,PR,soja,1221.4,2023-06-30,0.766,0.073,0.653,12.0,Sentinel-2
PR-0024,Campo Mourão,PR,soja,1221.4,2023-07-30,0.627,0.03,0.586,8.3,Sentinel-2
PR-0024,Campo Mourão,PR,soja,1221.4,2023-08-29,0.668,0.067,0.581,1.3,Sentinel-2
PR-0024,Campo Mourão,PR,soja,1221.4,2023-09-28,0.782,0.06,0.672,24.2,Sentinel-2
PR-0024,Campo Mourão,PR,soja,1221.4,2023-10-28,0.643,0.044,0.535,9.1,Sentinel-2
PR-0024,Campo Mourão,PR,soja,1221.4,2023-11-27,0.669,0.081,0.562,34.5,Sentinel-2
PR-0025,Campo Mourão,PR,trigo,495.3,2023-01-01,0.498,0.065,0.441,3.5,Sentinel-2
PR-0025,Campo Mourão,PR,trigo,495.3,2023-01-31,0.509,0.08,0.453,0.3,Sentinel-2
PR-0025,Campo Mourão,PR,trigo,495.3,2023-03-02,0.589,0.072,0.478,0.8,Sentinel-2
PR-0025,Campo Mourão,PR,trigo,495.3,2023-04-01,0.411,0.044,0.347,6.9,Sentinel-2
PR-0025,Campo Mourão,PR,trigo,495.3,2023-05-01,0.743,0.051,0.689,6.8,Sentinel-2
PR-0025,Campo Mourão,PR,trigo,495.3,2023-05-31,0.631,0.07,0.575,5.6,Sentinel-2
PR-0025,Campo Mourão,PR,trigo,495.3,2023-06-30,0.686,0.054,0.611,32.3,Sentinel-2
PR-0025,Campo Mourão,PR,trigo,495.3,2023-07-30,0.376,0.085,0.341,0.3,Sentinel-2
PR-0025,Campo Mourão,PR,trigo,495.3,2023-08-29,0.481,0.01,0.391,3.6,Sentinel-2
PR-0025,Campo Mourão,PR,trigo,495.3,2023-09-28,0.627,0.077,0.536,11.9,Sentinel-2
PR-0025,Campo Mourão,PR,trigo,495.3,2023-10-28,0.634,0.054,0.54,3.2,Sentinel-2
PR-0025,Campo Mourão,PR,trigo,495.3,2023-11-27,0.577,0.042,0.495,2.3,Sentinel-2
PR-0026,Guarapuava,PR,milho,1033.4,2023-01-01,0.292,0.022,0.243,8.7,Sentinel-2
PR-0026,Guarapuava,PR,milho,1033.4,2023-01-31,0.593,0.082,0.539,0.7,Sentinel-2
PR-0026,Guarapuava,PR,milho,1033.4,2023-03-02,0.269,0.05,0.229,9.7,Sentinel-2
PR-0026,Guarapuava,PR,milho,1033.4,2023-04-01,0.485,0.125,0.4,19.5,Sentinel-2
PR-0026,Guarapuava,PR,milho,1033.4,2023-05-01,0.499,0.077,0.43,3.0,Sentinel-2
PR-0026,Guarapuava,PR,milho,1033.4,2023-05-31,0.349,0.077,0.298,11.6,Sentinel-2
PR-0026,Guarapuava,PR,milho,1033.4,2023-06-30,0.547,0.146,0.486,12.4,Sentinel-2
PR-0026,Guarapuava,PR,milho,1033.4,2023-07-30,0.433,0.035,0.376,10.7,Sentinel-2
PR-0026,Guarapuava,PR,milho,1033.4,2023-08-29,0.176,0.055,0.173,7.3,Sentinel-2
PR-0026,Guarapuava,PR,milho,1033.4,2023-09-28,0.313,0.067,0.283,9.4,Sentinel-2
PR-0026,Guarapuava,PR,milho,1033.4,2023-10-28,0.247,0.03,0.213,3.6,Sentinel-2
PR-0026,Guarapuava,PR,milho,1033.4,2023-11-27,0.395,0.05,0.292,7.5,Sentinel-2
PR-0027,Maringá,PR,milho,1625.3,2023-01-01,0.885,0.052,0.781,9.1,Sentinel-2
PR-0027,Maringá,PR,milho,1625.3,2023-01-31,0.635,0.041,0.543,11.7,Sentinel-2
PR-0027,Maringá,PR,milho,1625.3,2023-03-02,0.705,0.037,0.603,1.8,Sentinel-2
PR-0027,Maringá,PR,milho,1625.3,2023-04-01,0.715,0.028,0.597,0.4,Sentinel-2
PR-0027,Maringá,PR,milho,1625.3,2023-05-01,0.485,0.062,0.451,5.8,Sentinel-2
PR-0027,Maringá,PR,milho,1625.3,2023-05-31,0.524,0.066,0.462,1.4,Sentinel-2
PR-0027,Maringá,PR,milho,1625.3,2023-06-30,0.463,0.068,0.407,19.3,Sentinel-2
PR-0027,Maringá,PR,milho,1625.3,2023-07-30,0.554,0.077,0.444,21.3,Sentinel-2
PR-0027,Maringá,PR,milho,1625.3,2023-08-29,0.496,0.07,0.418,0.7,Sentinel-2
PR-0027,Maringá,PR,milho,1625.3,2023-09-28,0.764,0.063,0.682,0.8,Sentinel-2
PR-0027,Maringá,PR,milho,1625.3,2023-10-28,0.656,0.042,0.574,19.9,Sentinel-2
PR-0027,Maringá,PR,milho,1625.3,2023-11-27,0.707,0.023,0.621,11.4,Sentinel-2
PR-0028,Maringá,PR,cana-de-açúcar,1865.3,2023-01-01,0.812,0.062,0.735,7.5,Sentinel-2
PR-0028,Maringá,PR,cana-de-açúcar,1865.3,2023-01-31,0.922,0.029,0.819,2.2,Sentinel-2
PR-0028,Maringá,PR,cana-de-açúcar,1865.3,2023-03-02,0.798,0.07,0.676,0.5,Sentinel-2
PR-0028,Maringá,PR,cana-de-açúcar,1865.3,2023-04-01,0.654,0.072,0.549,6.1,Sentinel-2
PR-0028,Maringá,PR,cana-de-açúcar,1865.3,2023-05-01,0.59,0.041,0.51,0.0,Sentinel-2
PR-0028,Maringá,PR,cana-de-açúcar,1865.3,2023-05-31,0.597,0.044,0.54,1.7,Sentinel-2
PR-0028,Maringá,PR,cana-de-açúcar,1865.3,2023-06-30,0.616,0.039,0.504,6.3,Sentinel-2
PR-0028,Maringá,PR,cana-de-açúcar,1865.3,2023-07-30,0.841,0.065,0.709,0.2,Sentinel-2
PR-0028,Maringá,PR,cana-de-açúcar,1865.3,2023-08-29,0.689,0.056,0.585,11.0,Sentinel-2
PR-0028,Maringá,PR,cana-de-açúcar,1865.3,2023-09-28,0.807,0.055,0.708,2.2,Sentinel-2
PR-0028,Maringá,PR,cana-de-açúcar,1865.3,2023-10-28,0.727,0.052,0.603,1.1,Sentinel-2
PR-0028,Maringá,PR,cana-de-açúcar,1865.3,2023-11-27,0.676,0.049,0.602,8.2,Sentinel-2
PR-0029,Maringá,PR,cana-de-açúcar,1913.6,2023-01-01,0.894,0.073,0.761,0.4,Sentinel-2
PR-0029,Maringá,PR,cana-de-açúcar,1913.6,2023-01-31,0.77,0.062,0.675,21.7,Sentinel-2
PR-0029,Maringá,PR,cana-de-açúcar,1913.6,2023-03-02,0.481,0.054,0.403,11.2,Sentinel-2
PR-0029,Maringá,PR,cana-de-açúcar,1913.6,2023-04-01,0.732,0.067,0.654,12.1,Sentinel-2
PR-0029,Maringá,PR,cana-de-açúcar,1913.6,2023-05-01,0.724,0.047,0.643,17.6,Sentinel-2
PR-0029,Maringá,PR,cana-de-açúcar,1913.6,2023-05-31,0.731,0.058,0.593,3.9,Sentinel-2
PR-0029,Maringá,PR,cana-de-açúcar,1913.6,2023-06-30,0.774,0.056,0.628,5.9,Sentinel-2
PR-0029,Maringá,PR,cana-de-açúcar,1913.6,2023-07-30,0.673,0.07,0.555,0.7,Sentinel-2
PR-0029,Maringá,PR,cana-de-açúcar,1913.6,2023-08-29,0.536,0.038,0.45,0.7,Sentinel-2
PR-0029,Maringá,PR,cana-de-açúcar,1913.6,2023-09-28,0.728,0.051,0.619,7.4,Sentinel-2
PR-0029,Maringá,PR,cana-de-açúcar,1913.6,2023-10-28,0.627,0.074,0.542,16.3,Sentinel-2
PR-0029,Maringá,PR,cana-de-açúcar,1913.6,2023-11-27,0.771,0.017,0.728,2.6,Sentinel-2
PR-0030,Cascavel,PR,soja,2030.0,2023-01-01,0.453,0.087,0.373,1.2,Sentinel-2
PR-0030,Cascavel,PR,soja,2030.0,2023-01-31,0.347,0.033,0.28,0.3,Sentinel-2
PR-0030,Cascavel,PR,soja,2030.0,2023-03-02,0.728,0.074,0.621,6.7,Sentinel-2
PR-0030,Cascavel,PR,soja,2030.0,2023-04-01,0.643,0.036,0.541,23.8,Sentinel-2
PR-0030,Cascavel,PR,soja,2030.0,2023-05-01,0.372,0.084,0.302,4.1,Sentinel-2
PR-0030,Cascavel,PR,soja,2030.0,2023-05-31,0.435,0.051,0.366,1.0,Sentinel-2
PR-0030,Cascavel,PR,soja,2030.0,2023-06-30,0.479,0.037,0.398,2.4,Sentinel-2
PR-0030,Cascavel,PR,soja,2030.0,2023-07-30,0.574,0.059,0.521,44.9,Sentinel-2
PR-0030,Cascavel,PR,soja,2030.0,2023-08-29,0.441,0.103,0.373,15.3,Sentinel-2
PR-0030,Cascavel,PR,soja,2030.0,2023-09-28,0.573,0.019,0.511,4.7,Sentinel-2
PR-0030,Cascavel,PR,soja,2030.0,2023-10-28,0.699,0.076,0.618,3.4,Sentinel-2
PR-0030,Cascavel,PR,soja,2030.0,2023-11-27,0.498,0.083,0.443,17.8,Sentinel-2
PR-0031,Marechal Cândido Rondon,PR,milho,2391.4,2023-01-01,0.486,0.117,0.427,5.5,Sentinel-2
PR-0031,Marechal Cândido Rondon,PR,milho,2391.4,2023-01-31,0.345,0.043,0.32,5.0,Sentinel-2
PR-0031,Marechal Cândido Rondon,PR,milho,2391.4,2023-03-02,0.493,0.059,0.434,4.1,Sentinel-2
PR-0031,Marechal Cândido Rondon,PR,milho,2391.4,2023-04-01,0.401,0.055,0.326,4.2,Sentinel-2
PR-0031,Marechal Cândido Rondon,PR,milho,2391.4,2023-05-01,0.218,0.074,0.202,0.6,Sentinel-2
PR-0031,Marechal Cândido Rondon,PR,milho,2391.4,2023-05-31,0.424,0.036,0.374,1.1,Sentinel-2
PR-0031,Marechal Cândido Rondon,PR,milho,2391.4,2023-06-30,0.422,0.038,0.338,1.1,Sentinel-2
PR-0031,Marechal Cândido Rondon,PR,milho,2391.4,2023-07-30,0.243,0.02,0.21,14.2,Sentinel-2
PR-0031,Marechal Cândido Rondon,PR,milho,2391.4,2023-08-29,0.248,0.058,0.241,2.0,Sentinel-2
PR-0031,Marechal Cândido Rondon,PR,milho,2391.4,2023-09-28,0.669,0.083,0.574,2.7,Sentinel-2
PR-0031,Marechal Cândido Rondon,PR,milho,2391.4,2023-10-28,0.5,0.066,0.45,7.8,Sentinel-2
PR-0031,Marechal Cândido Rondon,PR,milho,2391.4,2023-11-27,0.404,0.053,0.346,8.2,Sentinel-2
PR-0032,Guarapuava,PR,algodão,504.9,2023-01-01,0.317,0.033,0.29,14.0,Sentinel-2
PR-0032,Guarapuava,PR,algodão,504.9,2023-01-31,0.21,0.066,0.184,8.2,Sentinel-2
PR-0032,Guarapuava,PR,algodão,504.9,2023-03-02,0.183,0.047,0.161,8.2,Sentinel-2
PR-0032,Guarapuava,PR,algodão,504.9,2023-04-01,0.216,0.032,0.188,2.7,Sentinel-2
PR-0032,Guarapuava,PR,algodão,504.9,2023-05-01,0.414,0.054,0.37,2.8,Sentinel-2
PR-0032,Guarapuava,PR,algodão,504.9,2023-05-31,0.084,0.066,0.076,4.6,Sentinel-2
PR-0032,Guarapuava,PR,algodão,504.9,2023-06-30,0.183,0.061,0.145,10.1,Sentinel-2
PR-0032,Guarapuava,PR,algodão,504.9,2023-07-30,0.2,0.056,0.135,29.6,Sentinel-2
PR-0032,Guarapuava,PR,algodão,504.9,2023-08-29,0.355,0.074,0.293,5.0,Sentinel-2
PR-0032,Guarapuava,PR,algodão,504.9,2023-09-28,0.307,0.058,0.282,0.8,Sentinel-2
PR-0032,Guarapuava,PR,algodão,504.9,2023-10-28,0.318,0.079,0.265,16.0,Sentinel-2
PR-0032,Guarapuava,PR,algodão,504.9,2023-11-27,0.285,0.07,0.263,6.9,Sentinel-2
PR-0033,Campo Mourão,PR,milho,2301.2,2023-01-01,0.665,0.059,0.595,0.8,Sentinel-2
PR-0033,Campo Mourão,PR,milho,2301.2,2023-01-31,0.433,0.043,0.39,2.2,Sentinel-2
PR-0033,Campo Mourão,PR,milho,2301.2,2023-03-02,0.497,0.057,0.427,14.8,Sentinel-2
PR-0033,Campo Mourão,PR,milho,2301.2,2023-04-01,0.689,0.052,0.585,0.1,Sentinel-2
PR-0033,Campo Mourão,PR,milho,2301.2,2023-05-01,0.5,0.067,0.433,4.1,Sentinel-2
PR-0033,Campo Mourão,PR,milho,2301.2,2023-05-31,0.564,0.066,0.493,6.6,Sentinel-2
PR-0033,Campo Mourão,PR,milho,2301.2,2023-06-30,0.386,0.073,0.319,6.4,Sentinel-2
PR-0033,Campo Mourão,PR,milho,2301.2,2023-07-30,0.536,0.073,0.441,7.6,Sentinel-2
PR-0033,Campo Mourão,PR,milho,2301.2,2023-08-29,0.487,0.067,0.383,6.5,Sentinel-2
PR-0033,Campo Mourão,PR,milho,2301.2,2023-09-28,0.782,0.053,0.689,7.4,Sentinel-2
PR-0033,Campo Mourão,PR,milho,2301.2,2023-10-28,0.502,0.063,0.467,13.0,Sentinel-2
PR-0033,Campo Mourão,PR,milho,2301.2,2023-11-27,0.576,0.049,0.5,17.9,Sentinel-2
PR-0034,Marechal Cândido Rondon,PR,trigo,2797.5,2023-01-01,0.826,0.112,0.717,3.3,Sentinel-2
PR-0034,Marechal Cândido Rondon,PR,trigo,2797.5,2023-01-31,0.557,0.072,0.463,9.9,Sentinel-2
PR-0034,Marechal Cândido Rondon,PR,trigo,2797.5,2023-03-02,0.588,0.095,0.491,31.3,Sentinel-2
PR-0034,Marechal Cândido Rondon,PR,trigo,2797.5,2023-04-01,0.771,0.029,0.653,10.3,Sentinel-2
PR-0034,Marechal Cândido Rondon,PR,trigo,2797.5,2023-05-01,0.56,0.056,0.436,12.2,Sentinel-2
PR-0034,Marechal Cândido Rondon,PR,trigo,2797.5,2023-05-31,0.616,0.064,0.51,10.2,Sentinel-2
PR-0034,Marechal Cândido Rondon,PR,trigo,2797.5,2023-06-30,0.512,0.054,0.426,14.7,Sentinel-2
PR-0034,Marechal Cândido Rondon,PR,trigo,2797.5,2023-07-30,0.459,0.078,0.424,0.3,Sentinel-2
PR-0034,Marechal Cândido Rondon,PR,trigo,2797.5,2023-08-29,0.62,0.057,0.557,1.3,Sentinel-2
PR-0034,Marechal Cândido Rondon,PR,trigo,2797.5,2023-09-28,0.661,0.052,0.556,11.9,Sentinel-2
PR-0034,Marechal Cândido Rondon,PR,trigo,2797.5,2023-10-28,0.846,0.041,0.735,1.2,Sentinel-2
PR-0034,Marechal Cândido Rondon,PR,trigo,2797.5,2023-11-27,0.611,0.065,0.548,8.7,Sentinel-2
PR-0035,Ponta Grossa,PR,cana-de-açúcar,975.6,2023-01-01,0.642,0.066,0.53,16.2,Sentinel-2
PR-0035,Ponta Grossa,PR,cana-de-açúcar,975.6,2023-01-31,0.711,0.045,0.586,2.5,Sentinel-2
PR-0035,Ponta Grossa,PR,cana-de-açúcar,975.6,2023-03-02,0.525,0.065,0.454,22.7,Sentinel-2
PR-0035,Ponta Grossa,PR,cana-de-açúcar,975.6,2023-04-01,0.825,0.094,0.714,9.8,Sentinel-2
PR-0035,Ponta Grossa,PR,cana-de-açúcar,975.6,2023-05-01,0.632,0.038,0.524,21.8,Sentinel-2
PR-0035,Ponta Grossa,PR,cana-de-açúcar,975.6,2023-05-31,0.685,0.057,0.579,6.8,Sentinel-2
PR-0035,Ponta Grossa,PR,cana-de-açúcar,975.6,2023-06-30,0.486,0.049,0.408,11.9,Sentinel-2
PR-0035,Ponta Grossa,PR,cana-de-açúcar,975.6,2023-07-30,0.721,0.064,0.632,24.9,Sentinel-2
PR-0035,Ponta Grossa,PR,cana-de-açúcar,975.6,2023-08-29,0.85,0.082,0.721,1.9,Sentinel-2
PR-0035,Ponta Grossa,PR,cana-de-açúcar,975.6,2023-09-28,0.626,0.067,0.531,6.6,Sentinel-2
PR-0035,Ponta Grossa,PR,cana-de-açúcar,975.6,2023-10-28,0.744,0.07,0.647,0.4,Sentinel-2
PR-0035,Ponta Grossa,PR,cana-de-açúcar,975.6,2023-11-27,0.684,0.072,0.587,2.1,Sentinel-2
PR-0036,Toledo,PR,cana-de-açúcar,1024.4,2023-01-01,0.725,0.08,0.656,21.2,Sentinel-2
PR-0036,Toledo,PR,cana-de-açúcar,1024.4,2023-01-31,0.604,0.021,0.551,16.9,Sentinel-2
PR-0036,Toledo,PR,cana-de-açúcar,1024.4,2023-03-02,0.541,0.062,0.487,8.3,Sentinel-2
PR-0036,Toledo,PR,cana-de-açúcar,1024.4,2023-04-01,0.582,0.067,0.502,6.8,Sentinel-2
PR-0036,Toledo,PR,cana-de-açúcar,1024.4,2023-05-01,0.379,0.053,0.371,1.5,Sentinel-2
PR-0036,Toledo,PR,cana-de-açúcar,1024.4,2023-05-31,0.443,0.069,0.377,20.2,Sentinel-2
PR-0036,Toledo,PR,cana-de-açúcar,1024.4,2023-06-30,0.611,0.06,0.484,26.2,Sentinel-2
PR-0036,Toledo,PR,cana-de-açúcar,1024.4,2023-07-30,0.526,0.097,0.439,0.1,Sentinel-2
PR-0036,Toledo,PR,cana-de-açúcar,1024.4,2023-08-29,0.481,0.056,0.435,36.2,Sentinel-2
PR-0036,Toledo,PR,cana-de-açúcar,1024.4,2023-09-28,0.592,0.038,0.509,22.3,Sentinel-2
PR-0036,Toledo,PR,cana-de-açúcar,1024.4,2023-10-28,0.66,0.042,0.578,1.4,Sentinel-2
PR-0036,Toledo,PR,cana-de-açúcar,1024.4,2023-11-27,0.641,0.045,0.562,1.6,Sentinel-2
PR-0037,Campo Mourão,PR,trigo,1725.0,2023-01-01,0.748,0.095,0.68,5.8,Sentinel-2
PR-0037,Campo Mourão,PR,trigo,1725.0,2023-01-31,0.526,0.085,0.473,1.6,Sentinel-2
PR-0037,Campo Mourão,PR,trigo,1725.0,2023-03-02,0.712,0.074,0.619,2.1,Sentinel-2
PR-0037,Campo Mourão,PR,trigo,1725.0,2023-04-01,0.736,0.061,0.59,2.9,Sentinel-2
PR-0037,Campo Mourão,PR,trigo,1725.0,2023-05-01,0.567,0.057,0.476,0.5,Sentinel-2
PR-0037,Campo Mourão,PR,trigo,1725.0,2023-05-31,0.431,0.073,0.387,4.2,Sentinel-2
PR-0037,Campo Mourão,PR,trigo,1725.0,2023-06-30,0.336,0.059,0.288,1.0,Sentinel-2
PR-0037,Campo Mourão,PR,trigo,1725.0,2023-07-30,0.479,0.074,0.408,7.6,Sentinel-2
PR-0037,Campo Mourão,PR,trigo,1725.0,2023-08-29,0.581,0.071,0.525,7.4,Sentinel-2
PR-0037,Campo Mourão,PR,trigo,1725.0,2023-09-28,0.8,0.038,0.709,5.1,Sentinel-2
PR-0037,Campo Mourão,PR,trigo,1725.0,2023-10-28,0.492,0.053,0.431,11.2,Sentinel-2
PR-0037,Campo Mourão,PR,trigo,1725.0,2023-11-27,0.731,0.066,0.63,4.7,Sentinel-2
PR-0038,Campo Mourão,PR,soja,2755.9,2023-01-01,0.837,0.07,0.702,1.3,Sentinel-2
PR-0038,Campo Mourão,PR,soja,2755.9,2023-01-31,0.716,0.049,0.644,1.0,Sentinel-2
PR-0038,Campo Mourão,PR,soja,2755.9,2023-03-02,0.757,0.085,0.678,13.2,Sentinel-2
PR-0038,Campo Mourão,PR,soja,2755.9,2023-04-01,0.785,0.037,0.69,4.9,Sentinel-2
PR-0038,Campo Mourão,PR,soja,2755.9,2023-05-01,0.744,0.068,0.659,4.0,Sentinel-2
PR-0038,Campo Mourão,PR,soja,2755.9,2023-05-31,0.49,0.073,0.396,6.9,Sentinel-2
PR-0038,Campo Mourão,PR,soja,2755.9,2023-06-30,0.728,0.065,0.693,21.8,Sentinel-2
PR-0038,Campo Mourão,PR,soja,2755.9,2023-07-30,0.765,0.102,0.685,0.3,Sentinel-2
PR-0038,Campo Mourão,PR,soja,2755.9,2023-08-29,0.496,0.079,0.437,8.3,Sentinel-2
PR-0038,Campo Mourão,PR,soja,2755.9,2023-09-28,0.445,0.01,0.417,3.9,Sentinel-2
PR-0038,Campo Mourão,PR,soja,2755.9,2023-10-28,0.869,0.028,0.734,8.7,Sentinel-2
PR-0038,Campo Mourão,PR,soja,2755.9,2023-11-27,0.827,0.032,0.712,3.4,Sentinel-2
PR-0039,Marechal Cândido Rondon,PR,algodão,1209.5,2023-01-01,0.587,0.046,0.515,2.8,Sentinel-2
PR-0039,Marechal Cândido Rondon,PR,algodão,1209.5,2023-01-31,0.601,0.048,0.5,6.1,Sentinel-2
PR-0039,Marechal Cândido Rondon,PR,algodão,1209.5,2023-03-02,0.644,0.046,0.551,22.2,Sentinel-2
PR-0039,Marechal Cândido Rondon,PR,algodão,1209.5,2023-04-01,0.686,0.058,0.587,13.3,Sentinel-2
PR-0039,Marechal Cândido Rondon,PR,algodão,1209.5,2023-05-01,0.326,0.077,0.287,1.8,Sentinel-2
PR-0039,Marechal Cândido Rondon,PR,algodão,1209.5,2023-05-31,0.505,0.064,0.442,7.3,Sentinel-2
PR-0039,Marechal Cândido Rondon,PR,algodão,1209.5,2023-06-30,0.508,0.054,0.441,2.1,Sentinel-2
PR-0039,Marechal Cândido Rondon,PR,algodão,1209.5,2023-07-30,0.388,0.068,0.377,0.5,Sentinel-2
PR-0039,Marechal Cândido Rondon,PR,algodão,1209.5,2023-08-29,0.413,0.06,0.372,3.1,Sentinel-2
PR-0039,Marechal Cândido Rondon,PR,algodão,1209.5,2023-09-28,0.407,0.036,0.337,3.1,Sentinel-2
PR-0039,Marechal Cândido Rondon,PR,algodão,1209.5,2023-10-28,0.577,0.071,0.494,2.9,Sentinel-2
PR-0039,Marechal Cândido Rondon,PR,algodão,1209.5,2023-11-27,0.522,0.105,0.473,16.9,Sentinel-2
PR-0040,Marechal Cândido Rondon,PR,cana-de-açúcar,1689.8,2023-01-01,0.95,0.052,0.81,3.1,Sentinel-2
PR-0040,Marechal Cândido Rondon,PR,cana-de-açúcar,1689.8,2023-01-31,0.611,0.05,0.537,3.8,Sentinel-2
PR-0040,Marechal Cândido Rondon,PR,cana-de-açúcar,1689.8,2023-03-02,0.753,0.037,0.665,9.8,Sentinel-2
PR-0040,Marechal Cândido Rondon,PR,cana-de-açúcar,1689.8,2023-04-01,0.688,0.075,0.557,6.6,Sentinel-2
PR-0040,Marechal Cândido Rondon,PR,cana-de-açúcar,1689.8,2023-05-01,0.783,0.055,0.691,1.8,Sentinel-2
PR-0040,Marechal Cândido Rondon,PR,cana-de-açúcar,1689.8,2023-05-31,0.72,0.033,0.59,15.0,Sentinel-2
PR-0040,Marechal Cândido Rondon,PR,cana-de-açúcar,1689.8,2023-06-30,0.791,0.078,0.694,9.0,Sentinel-2
PR-0040,Marechal Cândido Rondon,PR,cana-de-açúcar,1689.8,2023-07-30,0.736,0.028,0.616,1.7,Sentinel-2
PR-0040,Marechal Cândido Rondon,PR,cana-de-açúcar,1689.8,2023-08-29,0.681,0.028,0.571,16.3,Sentinel-2
PR-0040,Marechal Cândido Rondon,PR,cana-de-açúcar,1689.8,2023-09-28,0.713,0.035,0.664,0.1,Sentinel-2
PR-0040,Marechal Cândido Rondon,PR,cana-de-açúcar,1689.8,2023-10-28,0.95,0.04,0.85,5.2,Sentinel-2
PR-0040,Marechal Cândido Rondon,PR,cana-de-açúcar,1689.8,2023-11-27,0.95,0.061,0.85,1.8,Sentinel-2
PR-0041,Palotina,PR,algodão,998.8,2023-01-01,0.482,0.077,0.41,5.8,Sentinel-2
PR-0041,Palotina,PR,algodão,998.8,2023-01-31,0.678,0.051,0.59,31.8,Sentinel-2
PR-0041,Palotina,PR,algodão,998.8,2023-03-02,0.356,0.067,0.326,4.3,Sentinel-2
PR-0041,Palotina,PR,algodão,998.8,2023-04-01,0.536,0.047,0.461,1.3,Sentinel-2
PR-0041,Palotina,PR,algodão,998.8,2023-05-01,0.499,0.107,0.416,1.3,Sentinel-2
PR-0041,Palotina,PR,algodão,998.8,2023-05-31,0.456,0.051,0.413,14.3,Sentinel-2
PR-0041,Palotina,PR,algodão,998.8,2023-06-30,0.33,0.06,0.281,13.8,Sentinel-2
PR-0041,Palotina,PR,algodão,998.8,2023-07-30,0.428,0.088,0.366,5.4,Sentinel-2
PR-0041,Palotina,PR,algodão,998.8,2023-08-29,0.634,0.091,0.567,5.4,Sentinel-2
PR-0041,Palotina,PR,algodão,998.8,2023-09-28,0.781,0.082,0.667,8.2,Sentinel-2
PR-0041,Palotina,PR,algodão,998.8,2023-10-28,0.632,0.062,0.577,8.8,Sentinel-2
PR-0041,Palotina,PR,algodão,998.8,2023-11-27,0.343,0.062,0.278,14.8,Sentinel-2
PR-0042,Palotina,PR,soja,2136.2,2023-01-01,0.742,0.082,0.672,21.7,Sentinel-2
PR-0042,Palotina,PR,soja,2136.2,2023-01-31,0.773,0.085,0.657,0.1,Sentinel-2
PR-0042,Palotina,PR,soja,2136.2,2023-03-02,0.619,0.056,0.57,6.1,Sentinel-2
PR-0042,Palotina,PR,soja,2136.2,2023-04-01,0.737,0.055,0.664,9.6,Sentinel-2
PR-0042,Palotina,PR,soja,2136.2,2023-05-01,0.425,0.08,0.389,5.9,Sentinel-2
PR-0042,Palotina,PR,soja,2136.2,2023-05-31,0.842,0.062,0.76,2.3,Sentinel-2
PR-0042,Palotina,PR,soja,2136.2,2023-06-30,0.531,0.088,0.507,4.9,Sentinel-2
PR-0042,Palotina,PR,soja,2136.2,2023-07-30,0.761,0.061,0.693,2.9,Sentinel-2
PR-0042,Palotina,PR,soja,2136.2,2023-08-29,0.659,0.053,0.603,0.3,Sentinel-2
PR-0042,Palotina,PR,soja,2136.2,2023-09-28,0.712,0.044,0.631,5.2,Sentinel-2
PR-0042,Palotina,PR,soja,2136.2,2023-10-28,0.618,0.036,0.571,8.3,Sentinel-2
PR-0042,Palotina,PR,soja,2136.2,2023-11-27,0.816,0.033,0.758,29.1,Sentinel-2
PR-0043,Ponta Grossa,PR,soja,727.8,2023-01-01,0.439,0.061,0.423,18.4,Sentinel-2
PR-0043,Ponta Grossa,PR,soja,727.8,2023-01-31,0.573,0.055,0.496,21.1,Sentinel-2
PR-0043,Ponta Grossa,PR,soja,727.8,2023-03-02,0.369,0.107,0.293,10.0,Sentinel-2
PR-0043,Ponta Grossa,PR,soja,727.8,2023-04-01,0.383,0.054,0.338,1.4,Sentinel-2
PR-0043,Ponta Grossa,PR,soja,727.8,2023-05-01,0.401,0.098,0.316,3.2,Sentinel-2
PR-0043,Ponta Grossa,PR,soja,727.8,2023-05-31,0.527,0.06,0.447,35.7,Sentinel-2
PR-0043,Ponta Grossa,PR,soja,727.8,2023-06-30,0.371,0.037,0.329,4.6,Sentinel-2
PR-0043,Ponta Grossa,PR,soja,727.8,2023-07-30,0.385,0.07,0.319,11.7,Sentinel-2
PR-0043,Ponta Grossa,PR,soja,727.8,2023-08-29,0.487,0.054,0.424,2.6,Sentinel-2
PR-0043,Ponta Grossa,PR,soja,727.8,2023-09-28,0.446,0.083,0.387,3.5,Sentinel-2
PR-0043,Ponta Grossa,PR,soja,727.8,2023-10-28,0.569,0.052,0.483,0.7,Sentinel-2
PR-0043,Ponta Grossa,PR,soja,727.8,2023-11-27,0.337,0.034,0.269,10.0,Sentinel-2
PR-0044,Toledo,PR,trigo,505.0,2023-01-01,0.644,0.043,0.562,2.9,Sentinel-2
PR-0044,Toledo,PR,trigo,505.0,2023-01-31,0.657,0.05,0.584,1.1,Sentinel-2
PR-0044,Toledo,PR,trigo,505.0,2023-03-02,0.696,0.08,0.586,0.2,Sentinel-2
PR-0044,Toledo,PR,trigo,505.0,2023-04-01,0.612,0.055,0.539,7.3,Sentinel-2
PR-0044,Toledo,PR,trigo,505.0,2023-05-01,0.521,0.078,0.448,0.7,Sentinel-2
PR-0044,Toledo,PR,trigo,505.0,2023-05-31,0.675,0.095,0.562,30.6,Sentinel-2
PR-0044,Toledo,PR,trigo,505.0,2023-06-30,0.51,0.055,0.435,2.9,Sentinel-2
PR-0044,Toledo,PR,trigo,505.0,2023-07-30,0.611,0.053,0.532,4.6,Sentinel-2
PR-0044,Toledo,PR,trigo,505.0,2023-08-29,0.459,0.071,0.413,2.3,Sentinel-2
PR-0044,Toledo,PR,trigo,505.0,2023-09-28,0.689,0.041,0.58,1.7,Sentinel-2
PR-0044,Toledo,PR,trigo,505.0,2023-10-28,0.723,0.071,0.646,7.7,Sentinel-2
PR-0044,Toledo,PR,trigo,505.0,2023-11-27,0.619,0.066,0.521,3.3,Sentinel-2
PR-0045,Guarapuava,PR,milho,936.3,2023-01-01,0.506,0.056,0.42,27.7,Sentinel-2
PR-0045,Guarapuava,PR,milho,936.3,2023-01-31,0.715,0.052,0.652,5.4,Sentinel-2
PR-0045,Guarapuava,PR,milho,936.3,2023-03-02,0.351,0.053,0.279,4.0,Sentinel-2
PR-0045,Guarapuava,PR,milho,936.3,2023-04-01,0.585,0.079,0.526,7.2,Sentinel-2
PR-0045,Guarapuava,PR,milho,936.3,2023-05-01,0.176,0.051,0.106,5.0,Sentinel-2
PR-0045,Guarapuava,PR,milho,936.3,2023-05-31,0.258,0.054,0.204,2.8,Sentinel-2
PR-0045,Guarapuava,PR,milho,936.3,2023-06-30,0.272,0.025,0.242,5.5,Sentinel-2
PR-0045,Guarapuava,PR,milho,936.3,2023-07-30,0.232,0.05,0.191,8.6,Sentinel-2
PR-0045,Guarapuava,PR,milho,936.3,2023-08-29,0.304,0.026,0.319,5.2,Sentinel-2
PR-0045,Guarapuava,PR,milho,936.3,2023-09-28,0.595,0.041,0.531,20.2,Sentinel-2
PR-0045,Guarapuava,PR,milho,936.3,2023-10-28,0.376,0.037,0.332,18.1,Sentinel-2
PR-0045,Guarapuava,PR,milho,936.3,2023-11-27,0.32,0.032,0.272,0.7,Sentinel-2
PR-0046,Palotina,PR,trigo,540.7,2023-01-01,0.703,0.076,0.603,11.2,Sentinel-2
PR-0046,Palotina,PR,trigo,540.7,2023-01-31,0.3,0.081,0.257,0.1,Sentinel-2
PR-0046,Palotina,PR,trigo,540.7,2023-03-02,0.393,0.084,0.316,6.8,Sentinel-2
PR-0046,Palotina,PR,trigo,540.7,2023-04-01,0.383,0.041,0.34,11.8,Sentinel-2
PR-0046,Palotina,PR,trigo,540.7,2023-05-01,0.21,0.048,0.18,0.9,Sentinel-2
PR-0046,Palotina,PR,trigo,540.7,2023-05-31,0.34,0.016,0.322,1.0,Sentinel-2
PR-0046,Palotina,PR,trigo,540.7,2023-06-30,0.377,0.056,0.319,1.9,Sentinel-2
PR-0046,Palotina,PR,trigo,540.7,2023-07-30,0.432,0.037,0.378,4.6,Sentinel-2
PR-0046,Palotina,PR,trigo,540.7,2023-08-29,0.288,0.043,0.24,1.0,Sentinel-2
PR-0046,Palotina,PR,trigo,540.7,2023-09-28,0.591,0.077,0.49,9.0,Sentinel-2
PR-0046,Palotina,PR,trigo,540.7,2023-10-28,0.562,0.109,0.489,1.4,Sentinel-2
PR-0046,Palotina,PR,trigo,540.7,2023-11-27,0.468,0.013,0.389,2.1,Sentinel-2
PR-0047,Londrina,PR,milho,599.8,2023-01-01,0.375,0.08,0.342,4.5,Sentinel-2
PR-0047,Londrina,PR,milho,599.8,2023-01-31,0.442,0.074,0.385,2.6,Sentinel-2
PR-0047,Londrina,PR,milho,599.8,2023-03-02,0.469,0.026,0.376,6.2,Sentinel-2
PR-0047,Londrina,PR,milho,599.8,2023-04-01,0.43,0.051,0.384,1.0,Sentinel-2
PR-0047,Londrina,PR,milho,599.8,2023-05-01,0.384,0.04,0.351,3.9,Sentinel-2
PR-0047,Londrina,PR,milho,599.8,2023-05-31,0.428,0.052,0.378,3.5,Sentinel-2
PR-0047,Londrina,PR,milho,599.8,2023-06-30,0.379,0.063,0.313,20.1,Sentinel-2
PR-0047,Londrina,PR,milho,599.8,2023-07-30,0.259,0.035,0.209,3.0,Sentinel-2
PR-0047,Londrina,PR,milho,599.8,2023-08-29,0.454,0.07,0.388,3.9,Sentinel-2
PR-0047,Londrina,PR,milho,599.8,2023-09-28,0.577,0.038,0.487,4.4,Sentinel-2
PR-0047,Londrina,PR,milho,599.8,2023-10-28,0.382,0.062,0.372,1.5,Sentinel-2
PR-0047,Londrina,PR,milho,599.8,2023-11-27,0.395,0.068,0.358,1.7,Sentinel-2
PR-0048,Maringá,PR,algodão,208.2,2023-01-01,0.743,0.053,0.653,6.6,Sentinel-2
PR-0048,Maringá,PR,algodão,208.2,2023-01-31,0.72,0.048,0.61,5.4,Sentinel-2
PR-0048,Maringá,PR,algodão,208.2,2023-03-02,0.565,0.039,0.504,12.7,Sentinel-2
PR-0048,Maringá,PR,algodão,208.2,2023-04-01,0.746,0.061,0.654,2.0,Sentinel-2
PR-0048,Maringá,PR,algodão,208.2,2023-05-01,0.466,0.094,0.373,5.5,Sentinel-2
PR-0048,Maringá,PR,algodão,208.2,2023-05-31,0.43,0.034,0.373,2.5,Sentinel-2
PR-0048,Maringá,PR,algodão,208.2,2023-06-30,0.136,0.044,0.086,11.4,Sentinel-2
PR-0048,Maringá,PR,algodão,208.2,2023-07-30,0.463,0.047,0.408,4.4,Sentinel-2
PR-0048,Maringá,PR,algodão,208.2,2023-08-29,0.503,0.031,0.439,0.3,Sentinel-2
PR-0048,Maringá,PR,algodão,208.2,2023-09-28,0.865,0.057,0.792,0.7,Sentinel-2
PR-0048,Maringá,PR,algodão,208.2,2023-10-28,0.643,0.053,0.565,10.7,Sentinel-2
PR-0048,Maringá,PR,algodão,208.2,2023-11-27,0.517,0.045,0.413,7.5,Sentinel-2
PR-0049,Londrina,PR,milho,1867.6,2023-01-01,0.764,0.027,0.643,7.3,Sentinel-2
PR-0049,Londrina,PR,milho,1867.6,2023-01-31,0.617,0.087,0.585,2.8,Sentinel-2
PR-0049,Londrina,PR,milho,1867.6,2023-03-02,0.414,0.038,0.318,13.5,Sentinel-2
PR-0049,Londrina,PR,milho,1867.6,2023-04-01,0.657,0.082,0.596,4.2,Sentinel-2
PR-0049,Londrina,PR,milho,1867.6,2023-05-01,0.69,0.066,0.583,1.1,Sentinel-2
PR-0049,Londrina,PR,milho,1867.6,2023-05-31,0.445,0.071,0.401,2.3,Sentinel-2
PR-0049,Londrina,PR,milho,1867.6,2023-06-30,0.666,0.043,0.598,7.9,Sentinel-2
PR-0049,Londrina,PR,milho,1867.6,2023-07-30,0.732,0.054,0.643,12.7,Sentinel-2
PR-0049,Londrina,PR,milho,1867.6,2023-08-29,0.614,0.04,0.535,16.8,Sentinel-2
PR-0049,Londrina,PR,milho,1867.6,2023-09-28,0.495,0.038,0.437,7.0,Sentinel-2
PR-0049,Londrina,PR,milho,1867.6,2023-10-28,0.838,0.032,0.774,8.1,Sentinel-2
PR-0049,Londrina,PR,milho,1867.6,2023-11-27,0.857,0.047,0.709,12.7,Sentinel-2
PR-0050,Londrina,PR,milho,2906.0,2023-01-01,0.574,0.061,0.494,1.1,Sentinel-2
PR-0050,Londrina,PR,milho,2906.0,2023-01-31,0.828,0.081,0.692,18.0,Sentinel-2
PR-0050,Londrina,PR,milho,2906.0,2023-03-02,0.683,0.054,0.567,0.1,Sentinel-2
PR-0050,Londrina,PR,milho,2906.0,2023-04-01,0.517,0.071,0.445,4.9,Sentinel-2
PR-0050,Londrina,PR,milho,2906.0,2023-05-01,0.727,0.059,0.676,17.1,Sentinel-2
PR-0050,Londrina,PR,milho,2906.0,2023-05-31,0.593,0.047,0.554,16.7,Sentinel-2
PR-0050,Londrina,PR,milho,2906.0,2023-06-30,0.694,0.07,0.63,8.4,Sentinel-2
PR-0050,Londrina,PR,milho,2906.0,2023-07-30,0.688,0.087,0.607,10.4,Sentinel-2
PR-0050,Londrina,PR,milho,2906.0,2023-08-29,0.604,0.039,0.533,1.9,Sentinel-2
PR-0050,Londrina,PR,milho,2906.0,2023-09-28,0.709,0.084,0.63,5.9,Sentinel-2
PR-0050,Londrina,PR,milho,2906.0,2023-10-28,0.666,0.061,0.573,15.7,Sentinel-2
PR-0050,Londrina,PR,milho,2906.0,2023-11-27,0.731,0.052,0.614,2.1,Sentinel-2
PR-0051,Toledo,PR,soja,354.4,2023-01-01,0.76,0.053,0.666,1.1,Sentinel-2
PR-0051,Toledo,PR,soja,354.4,2023-01-31,0.555,0.071,0.482,6.0,Sentinel-2
PR-0051,Toledo,PR,soja,354.4,2023-03-02,0.865,0.062,0.723,7.9,Sentinel-2
PR-0051,Toledo,PR,soja,354.4,2023-04-01,0.779,0.072,0.694,9.3,Sentinel-2
PR-0051,Toledo,PR,soja,354.4,2023-05-01,0.667,0.053,0.607,7.1,Sentinel-2
PR-0051,Toledo,PR,soja,354.4,2023-05-31,0.739,0.022,0.677,3.0,Sentinel-2
PR-0051,Toledo,PR,soja,354.4,2023-06-30,0.691,0.072,0.623,7.3,Sentinel-2
PR-0051,Toledo,PR,soja,354.4,2023-07-30,0.704,0.033,0.591,9.4,Sentinel-2
PR-0051,Toledo,PR,soja,354.4,2023-08-29,0.725,0.036,0.623,5.7,Sentinel-2
PR-0051,Toledo,PR,soja,354.4,2023-09-28,0.834,0.06,0.709,0.4,Sentinel-2
PR-0051,Toledo,PR,soja,354.4,2023-10-28,0.919,0.03,0.79,5.5,Sentinel-2
PR-0051,Toledo,PR,soja,354.4,2023-11-27,0.722,0.04,0.614,30.4,Sentinel-2
PR-0052,Campo Mourão,PR,trigo,439.3,2023-01-01,0.278,0.072,0.253,35.0,Sentinel-2
PR-0052,Campo Mourão,PR,trigo,439.3,2023-01-31,0.51,0.084,0.455,0.1,Sentinel-2
PR-0052,Campo Mourão,PR,trigo,439.3,2023-03-02,0.453,0.104,0.413,2.7,Sentinel-2
PR-0052,Campo Mourão,PR,trigo,439.3,2023-04-01,0.365,0.052,0.284,4.4,Sentinel-2
PR-0052,Campo Mourão,PR,trigo,439.3,2023-05-01,0.191,0.076,0.155,0.7,Sentinel-2
PR-0052,Campo Mourão,PR,trigo,439.3,2023-05-31,0.305,0.1,0.287,29.3,Sentinel-2
PR-0052,Campo Mourão,PR,trigo,439.3,2023-06-30,0.375,0.075,0.297,8.4,Sentinel-2
PR-0052,Campo Mourão,PR,trigo,439.3,2023-07-30,0.224,0.049,0.181,4.6,Sentinel-2
PR-0052,Campo Mourão,PR,trigo,439.3,2023-08-29,0.398,0.056,0.348,1.0,Sentinel-2
PR-0052,Campo Mourão,PR,trigo,439.3,2023-09-28,0.65,0.055,0.561,8.8,Sentinel-2
PR-0052,Campo Mourão,PR,trigo,439.3,2023-10-28,0.363,0.05,0.326,0.1,Sentinel-2
PR-0052,Campo Mourão,PR,trigo,439.3,2023-11-27,0.405,0.042,0.353,5.8,Sentinel-2
PR-0053,Umuarama,PR,milho,1147.0,2023-01-01,0.674,0.05,0.601,4.5,Sentinel-2
PR-0053,Umuarama,PR,milho,1147.0,2023-01-31,0.616,0.045,0.534,29.5,Sentinel-2
PR-0053,Umuarama,PR,milho,1147.0,2023-03-02,0.582,0.043,0.5,15.7,Sentinel-2
PR-0053,Umuarama,PR,milho,1147.0,2023-04-01,0.677,0.066,0.599,11.9,Sentinel-2
PR-0053,Umuarama,PR,milho,1147.0,2023-05-01,0.741,0.042,0.67,0.0,Sentinel-2
PR-0053,Umuarama,PR,milho,1147.0,2023-05-31,0.731,0.062,0.633,0.4,Sentinel-2
PR-0053,Umuarama,PR,milho,1147.0,2023-06-30,0.423,0.094,0.39,0.3,Sentinel-2
PR-0053,Umuarama,PR,milho,1147.0,2023-07-30,0.875,0.07,0.731,8.5,Sentinel-2
PR-0053,Umuarama,PR,milho,1147.0,2023-08-29,0.614,0.075,0.55,14.0,Sentinel-2
PR-0053,Umuarama,PR,milho,1147.0,2023-09-28,0.627,0.051,0.541,9.0,Sentinel-2
PR-0053,Umuarama,PR,milho,1147.0,2023-10-28,0.761,0.065,0.656,4.1,Sentinel-2
PR-0053,Umuarama,PR,milho,1147.0,2023-11-27,0.676,0.089,0.56,11.9,Sentinel-2
PR-0054,Umuarama,PR,trigo,304.8,2023-01-01,0.574,0.061,0.483,7.8,Sentinel-2
PR-0054,Umuarama,PR,trigo,304.8,2023-01-31,0.463,0.034,0.409,5.4,Sentinel-2
PR-0054,Umuarama,PR,trigo,304.8,2023-03-02,0.51,0.047,0.471,2.2,Sentinel-2
PR-0054,Umuarama,PR,trigo,304.8,2023-04-01,0.391,0.081,0.341,2.1,Sentinel-2
PR-0054,Umuarama,PR,trigo,304.8,2023-05-01,0.3,0.091,0.296,0.0,Sentinel-2
PR-0054,Umuarama,PR,trigo,304.8,2023-05-31,0.232,0.039,0.169,10.4,Sentinel-2
PR-0054,Umuarama,PR,trigo,304.8,2023-06-30,0.527,0.075,0.461,0.5,Sentinel-2
PR-0054,Umuarama,PR,trigo,304.8,2023-07-30,0.548,0.092,0.476,0.8,Sentinel-2
PR-0054,Umuarama,PR,trigo,304.8,2023-08-29,0.627,0.04,0.514,3.7,Sentinel-2
PR-0054,Umuarama,PR,trigo,304.8,2023-09-28,0.479,0.068,0.415,0.8,Sentinel-2
PR-0054,Umuarama,PR,trigo,304.8,2023-10-28,0.636,0.088,0.577,4.6,Sentinel-2
PR-0054,Umuarama,PR,trigo,304.8,2023-11-27,0.565,0.074,0.488,2.4,Sentinel-2
PR-0055,Campo Mourão,PR,cana-de-açúcar,2117.1,2023-01-01,0.72,0.074,0.639,12.1,Sentinel-2
PR-0055,Campo Mourão,PR,cana-de-açúcar,2117.1,2023-01-31,0.777,0.05,0.67,1.4,Sentinel-2
PR-0055,Campo Mourão,PR,cana-de-açúcar,2117.1,2023-03-02,0.66,0.064,0.524,1.9,Sentinel-2
PR-0055,Campo Mourão,PR,cana-de-açúcar,2117.1,2023-04-01,0.698,0.054,0.622,1.0,Sentinel-2
PR-0055,Campo Mourão,PR,cana-de-açúcar,2117.1,2023-05-01,0.745,0.085,0.663,0.3,Sentinel-2
PR-0055,Campo Mourão,PR,cana-de-açúcar,2117.1,2023-05-31,0.547,0.069,0.46,0.8,Sentinel-2
PR-0055,Campo Mourão,PR,cana-de-açúcar,2117.1,2023-06-30,0.671,0.079,0.554,2.4,Sentinel-2
PR-0055,Campo Mourão,PR,cana-de-açúcar,2117.1,2023-07-30,0.659,0.065,0.573,4.1,Sentinel-2
PR-0055,Campo Mourão,PR,cana-de-açúcar,2117.1,2023-08-29,0.527,0.07,0.459,13.0,Sentinel-2
PR-0055,Campo Mourão,PR,cana-de-açúcar,2117.1,2023-09-28,0.85,0.062,0.742,14.2,Sentinel-2
PR-0055,Campo Mourão,PR,cana-de-açúcar,2117.1,2023-10-28,0.797,0.059,0.702,8.0,Sentinel-2
PR-0055,Campo Mourão,PR,cana-de-açúcar,2117.1,2023-11-27,0.672,0.044,0.564,2.4,Sentinel-2
PR-0056,Toledo,PR,soja,2991.6,2023-01-01,0.809,0.048,0.733,14.1,Sentinel-2
PR-0056,Toledo,PR,soja,2991.6,2023-01-31,0.877,0.057,0.768,4.9,Sentinel-2
PR-0056,Toledo,PR,soja,2991.6,2023-03-02,0.784,0.083,0.691,0.2,Sentinel-2
PR-0056,Toledo,PR,soja,2991.6,2023-04-01,0.63,0.055,0.537,1.9,Sentinel-2
PR-0056,Toledo,PR,soja,2991.6,2023-05-01,0.671,0.075,0.588,7.7,Sentinel-2
PR-0056,Toledo,PR,soja,2991.6,2023-05-31,0.622,0.06,0.558,4.2,Sentinel-2
PR-0056,Toledo,PR,soja,2991.6,2023-06-30,0.606,0.058,0.525,1.8,Sentinel-2
PR-0056,Toledo,PR,soja,2991.6,2023-07-30,0.693,0.078,0.587,8.0,Sentinel-2
PR-0056,Toledo,PR,soja,2991.6,2023-08-29,0.697,0.026,0.641,3.6,Sentinel-2
PR-0056,Toledo,PR,soja,2991.6,2023-09-28,0.708,0.038,0.61,19.5,Sentinel-2
PR-0056,Toledo,PR,soja,2991.6,2023-10-28,0.621,0.06,0.548,2.0,Sentinel-2
PR-0056,Toledo,PR,soja,2991.6,2023-11-27,0.799,0.088,0.674,0.5,Sentinel-2
PR-0057,Maringá,PR,algodão,1104.4,2023-01-01,0.701,0.06,0.634,2.5,Sentinel-2
PR-0057,Maringá,PR,algodão,1104.4,2023-01-31,0.462,0.078,0.361,0.5,Sentinel-2
PR-0057,Maringá,PR,algodão,1104.4,2023-03-02,0.441,0.06,0.404,3.5,Sentinel-2
PR-0057,Maringá,PR,algodão,1104.4,2023-04-01,0.159,0.081,0.106,1.5,Sentinel-2
PR-0057,Maringá,PR,algodão,1104.4,2023-05-01,0.073,0.04,0.049,0.2,Sentinel-2
PR-0057,Maringá,PR,algodão,1104.4,2023-05-31,0.05,0.045,0.02,6.6,Sentinel-2
PR-0057,Maringá,PR,algodão,1104.4,2023-06-30,0.193,0.055,0.209,5.4,Sentinel-2
PR-0057,Maringá,PR,algodão,1104.4,2023-07-30,0.25,0.052,0.239,0.8,Sentinel-2
PR-0057,Maringá,PR,algodão,1104.4,2023-08-29,0.28,0.074,0.243,20.0,Sentinel-2
PR-0057,Maringá,PR,algodão,1104.4,2023-09-28,0.349,0.063,0.314,10.1,Sentinel-2
PR-0057,Maringá,PR,algodão,1104.4,2023-10-28,0.569,0.041,0.493,7.1,Sentinel-2
PR-0057,Maringá,PR,algodão,1104.4,2023-11-27,0.374,0.09,0.309,15.0,Sentinel-2
PR-0058,Campo Mourão,PR,soja,1152.1,2023-01-01,0.492,0.051,0.404,10.5,Sentinel-2
PR-0058,Campo Mourão,PR,soja,1152.1,2023-01-31,0.815,0.034,0.72,5.3,Sentinel-2
PR-0058,Campo Mourão,PR,soja,1152.1,2023-03-02,0.506,0.089,0.401,7.6,Sentinel-2
PR-0058,Campo Mourão,PR,soja,1152.1,2023-04-01,0.49,0.042,0.45,13.5,Sentinel-2
PR-0058,Campo Mourão,PR,soja,1152.1,2023-05-01,0.373,0.083,0.321,0.0,Sentinel-2
PR-0058,Campo Mourão,PR,soja,1152.1,2023-05-31,0.55,0.052,0.454,15.2,Sentinel-2
PR-0058,Campo Mourão,PR,soja,1152.1,2023-06-30,0.507,0.034,0.448,13.2,Sentinel-2
PR-0058,Campo Mourão,PR,soja,1152.1,2023-07-30,0.57,0.038,0.477,0.9,Sentinel-2
PR-0058,Campo Mourão,PR,soja,1152.1,2023-08-29,0.4,0.06,0.365,3.1,Sentinel-2
PR-0058,Campo Mourão,PR,soja,1152.1,2023-09-28,0.613,0.026,0.495,13.8,Sentinel-2
PR-0058,Campo Mourão,PR,soja,1152.1,2023-10-28,0.492,0.032,0.427,1.9,Sentinel-2
PR-0058,Campo Mourão,PR,soja,1152.1,2023-11-27,0.583,0.054,0.49,12.4,Sentinel-2
PR-0059,Cascavel,PR,soja,1188.5,2023-01-01,0.774,0.052,0.654,6.3,Sentinel-2
PR-0059,Cascavel,PR,soja,1188.5,2023-01-31,0.574,0.078,0.513,16.0,Sentinel-2
PR-0059,Cascavel,PR,soja,1188.5,2023-03-02,0.481,0.035,0.423,15.0,Sentinel-2
PR-0059,Cascavel,PR,soja,1188.5,2023-04-01,0.603,0.055,0.542,24.2,Sentinel-2
PR-0059,Cascavel,PR,soja,1188.5,2023-05-01,0.545,0.065,0.451,6.3,Sentinel-2
PR-0059,Cascavel,PR,soja,1188.5,2023-05-31,0.604,0.067,0.521,7.2,Sentinel-2
PR-0059,Cascavel,PR,soja,1188.5,2023-06-30,0.403,0.045,0.398,1.4,Sentinel-2
PR-0059,Cascavel,PR,soja,1188.5,2023-07-30,0.536,0.069,0.459,0.9,Sentinel-2
PR-0059,Cascavel,PR,soja,1188.5,2023-08-29,0.508,0.072,0.431,10.5,Sentinel-2
PR-0059,Cascavel,PR,soja,1188.5,2023-09-28,0.419,0.058,0.38,2.2,Sentinel-2
PR-0059,Cascavel,PR,soja,1188.5,2023-10-28,0.694,0.068,0.61,3.6,Sentinel-2
PR-0059,Cascavel,PR,soja,1188.5,2023-11-27,0.521,0.045,0.461,8.7,Sentinel-2
PR-0060,Guarapuava,PR,cana-de-açúcar,639.0,2023-01-01,0.784,0.087,0.705,1.0,Sentinel-2
PR-0060,Guarapuava,PR,cana-de-açúcar,639.0,2023-01-31,0.735,0.065,0.618,18.0,Sentinel-2
PR-0060,Guarapuava,PR,cana-de-açúcar,639.0,2023-03-02,0.738,0.089,0.627,3.8,Sentinel-2
PR-0060,Guarapuava,PR,cana-de-açúcar,639.0,2023-04-01,0.806,0.062,0.707,4.6,Sentinel-2
PR-0060,Guarapuava,PR,cana-de-açúcar,639.0,2023-05-01,0.656,0.098,0.56,9.5,Sentinel-2
PR-0060,Guarapuava,PR,cana-de-açúcar,639.0,2023-05-31,0.65,0.084,0.582,13.2,Sentinel-2
PR-0060,Guarapuava,PR,cana-de-açúcar,639.0,2023-06-30,0.54,0.077,0.471,3.9,Sentinel-2
PR-0060,Guarapuava,PR,cana-de-açúcar,639.0,2023-07-30,0.702,0.01,0.603,9.3,Sentinel-2
PR-0060,Guarapuava,PR,cana-de-açúcar,639.0,2023-08-29,0.778,0.05,0.678,4.0,Sentinel-2
PR-0060,Guarapuava,PR,cana-de-açúcar,639.0,2023-09-28,0.826,0.063,0.714,6.8,Sentinel-2
PR-0060,Guarapuava,PR,cana-de-açúcar,639.0,2023-10-28,0.633,0.057,0.562,23.8,Sentinel-2
PR-0060,Guarapuava,PR,cana-de-açúcar,639.0,2023-11-27,0.745,0.014,0.663,1.5,Sentinel-2
PR-0061,Palotina,PR,milho,422.2,2023-01-01,0.69,0.074,0.612,1.3,Sentinel-2
PR-0061,Palotina,PR,milho,422.2,2023-01-31,0.743,0.045,0.637,10.4,Sentinel-2
PR-0061,Palotina,PR,milho,422.2,2023-03-02,0.548,0.052,0.453,15.5,Sentinel-2
PR-0061,Palotina,PR,milho,422.2,2023-04-01,0.477,0.016,0.41,0.1,Sentinel-2
PR-0061,Palotina,PR,milho,422.2,2023-05-01,0.401,0.035,0.351,1.3,Sentinel-2
PR-0061,Palotina,PR,milho,422.2,2023-05-31,0.393,0.036,0.331,26.8,Sentinel-2
PR-0061,Palotina,PR,milho,422.2,2023-06-30,0.496,0.066,0.438,16.2,Sentinel-2
PR-0061,Palotina,PR,milho,422.2,2023-07-30,0.243,0.09,0.183,2.5,Sentinel-2
PR-0061,Palotina,PR,milho,422.2,2023-08-29,0.362,0.038,0.303,4.1,Sentinel-2
PR-0061,Palotina,PR,milho,422.2,2023-09-28,0.542,0.038,0.451,4.1,Sentinel-2
PR-0061,Palotina,PR,milho,422.2,2023-10-28,0.334,0.085,0.289,5.2,Sentinel-2
PR-0061,Palotina,PR,milho,422.2,2023-11-27,0.494,0.058,0.449,3.3,Sentinel-2
PR-0062,Umuarama,PR,trigo,877.0,2023-01-01,0.605,0.036,0.541,2.9,Sentinel-2
PR-0062,Umuarama,PR,trigo,877.0,2023-01-31,0.486,0.059,0.389,3.1,Sentinel-2
PR-0062,Umuarama,PR,trigo,877.0,2023-03-02,0.48,0.033,0.436,19.6,Sentinel-2
PR-0062,Umuarama,PR,trigo,877.0,2023-04-01,0.563,0.041,0.503,5.8,Sentinel-2
PR-0062,Umuarama,PR,trigo,877.0,2023-05-01,0.394,0.065,0.344,9.9,Sentinel-2
PR-0062,Umuarama,PR,trigo,877.0,2023-05-31,0.381,0.031,0.351,5.9,Sentinel-2
PR-0062,Umuarama,PR,trigo,877.0,2023-06-30,0.358,0.055,0.321,0.5,Sentinel-2
PR-0062,Umuarama,PR,trigo,877.0,2023-07-30,0.368,0.066,0.321,3.6,Sentinel-2
PR-0062,Umuarama,PR,trigo,877.0,2023-08-29,0.453,0.078,0.375,20.5,Sentinel-2
PR-0062,Umuarama,PR,trigo,877.0,2023-09-28,0.525,0.054,0.443,5.4,Sentinel-2
PR-0062,Umuarama,PR,trigo,877.0,2023-10-28,0.236,0.077,0.181,3.4,Sentinel-2
PR-0062,Umuarama,PR,trigo,877.0,2023-11-27,0.522,0.068,0.441,14.2,Sentinel-2
PR-0063,Toledo,PR,trigo,131.0,2023-01-01,0.725,0.082,0.669,8.3,Sentinel-2
PR-0063,Toledo,PR,trigo,131.0,2023-01-31,0.603,0.053,0.51,4.2,Sentinel-2
PR-0063,Toledo,PR,trigo,131.0,2023-03-02,0.84,0.064,0.731,19.4,Sentinel-2
PR-0063,Toledo,PR,trigo,131.0,2023-04-01,0.635,0.044,0.531,0.1,Sentinel-2
PR-0063,Toledo,PR,trigo,131.0,2023-05-01,0.567,0.096,0.475,8.2,Sentinel-2
PR-0063,Toledo,PR,trigo,131.0,2023-05-31,0.84,0.043,0.74,3.4,Sentinel-2
PR-0063,Toledo,PR,trigo,131.0,2023-06-30,0.568,0.082,0.478,4.0,Sentinel-2
PR-0063,Toledo,PR,trigo,131.0,2023-07-30,0.386,0.079,0.35,8.7,Sentinel-2
PR-0063,Toledo,PR,trigo,131.0,2023-08-29,0.629,0.044,0.531,2.8,Sentinel-2
PR-0063,Toledo,PR,trigo,131.0,2023-09-28,0.53,0.066,0.465,35.6,Sentinel-2
PR-0063,Toledo,PR,trigo,131.0,2023-10-28,0.511,0.029,0.443,17.8,Sentinel-2
PR-0063,Toledo,PR,trigo,131.0,2023-11-27,0.823,0.057,0.727,11.6,Sentinel-2
PR-0064,Cascavel,PR,algodão,1242.1,2023-01-01,0.512,0.031,0.407,2.4,Sentinel-2
PR-0064,Cascavel,PR,algodão,1242.1,2023-01-31,0.228,0.043,0.208,0.3,Sentinel-2
PR-0064,Cascavel,PR,algodão,1242.1,2023-03-02,0.556,0.035,0.495,2.0,Sentinel-2
PR-0064,Cascavel,PR,algodão,1242.1,2023-04-01,0.795,0.026,0.684,19.0,Sentinel-2
PR-0064,Cascavel,PR,algodão,1242.1,2023-05-01,0.447,0.039,0.411,16.7,Sentinel-2
PR-0064,Cascavel,PR,algodão,1242.1,2023-05-31,0.314,0.064,0.282,1.1,Sentinel-2
PR-0064,Cascavel,PR,algodão,1242.1,2023-06-30,0.507,0.096,0.442,9.1,Sentinel-2
PR-0064,Cascavel,PR,algodão,1242.1,2023-07-30,0.438,0.056,0.388,3.5,Sentinel-2
PR-0064,Cascavel,PR,algodão,1242.1,2023-08-29,0.516,0.043,0.453,2.4,Sentinel-2
PR-0064,Cascavel,PR,algodão,1242.1,2023-09-28,0.487,0.049,0.461,5.1,Sentinel-2
PR-0064,Cascavel,PR,algodão,1242.1,2023-10-28,0.715,0.04,0.629,17.6,Sentinel-2
PR-0064,Cascavel,PR,algodão,1242.1,2023-11-27,0.583,0.02,0.507,3.8,Sentinel-2
PR-0065,Umuarama,PR,cana-de-açúcar,209.5,2023-01-01,0.789,0.07,0.665,19.0,Sentinel-2
PR-0065,Umuarama,PR,cana-de-açúcar,209.5,2023-01-31,0.813,0.043,0.712,10.1,Sentinel-2
PR-0065,Umuarama,PR,cana-de-açúcar,209.5,2023-03-02,0.769,0.037,0.66,8.1,Sentinel-2
PR-0065,Umuarama,PR,cana-de-açúcar,209.5,2023-04-01,0.709,0.076,0.617,11.5,Sentinel-2
PR-0065,Umuarama,PR,cana-de-açúcar,209.5,2023-05-01,0.745,0.09,0.614,0.7,Sentinel-2
PR-0065,Umuarama,PR,cana-de-açúcar,209.5,2023-05-31,0.68,0.039,0.573,4.1,Sentinel-2
PR-0065,Umuarama,PR,cana-de-açúcar,209.5,2023-06-30,0.756,0.056,0.671,3.7,Sentinel-2
PR-0065,Umuarama,PR,cana-de-açúcar,209.5,2023-07-30,0.684,0.078,0.597,14.3,Sentinel-2
PR-0065,Umuarama,PR,cana-de-açúcar,209.5,2023-08-29,0.719,0.088,0.615,9.5,Sentinel-2
PR-0065,Umuarama,PR,cana-de-açúcar,209.5,2023-09-28,0.701,0.054,0.619,3.9,Sentinel-2
PR-0065,Umuarama,PR,cana-de-açúcar,209.5,2023-10-28,0.704,0.054,0.62,2.7,Sentinel-2
PR-0065,Umuarama,PR,cana-de-açúcar,209.5,2023-11-27,0.682,0.056,0.567,3.3,Sentinel-2
PR-0066,Marechal Cândido Rondon,PR,trigo,2988.6,2023-01-01,0.455,0.07,0.438,4.1,Sentinel-2
PR-0066,Marechal Cândido Rondon,PR,trigo,2988.6,2023-01-31,0.421,0.064,0.398,1.1,Sentinel-2
PR-0066,Marechal Cândido Rondon,PR,trigo,2988.6,2023-03-02,0.485,0.033,0.432,8.4,Sentinel-2
PR-0066,Marechal Cândido Rondon,PR,trigo,2988.6,2023-04-01,0.592,0.1,0.524,2.4,Sentinel-2
PR-0066,Marechal Cândido Rondon,PR,trigo,2988.6,2023-05-01,0.386,0.059,0.365,8.5,Sentinel-2
PR-0066,Marechal Cândido Rondon,PR,trigo,2988.6,2023-05-31,0.415,0.09,0.364,4.3,Sentinel-2
PR-0066,Marechal Cândido Rondon,PR,trigo,2988.6,2023-06-30,0.319,0.077,0.266,9.5,Sentinel-2
PR-0066,Marechal Cândido Rondon,PR,trigo,2988.6,2023-07-30,0.43,0.048,0.362,8.7,Sentinel-2
PR-0066,Marechal Cândido Rondon,PR,trigo,2988.6,2023-08-29,0.374,0.046,0.317,14.2,Sentinel-2
PR-0066,Marechal Cândido Rondon,PR,trigo,2988.6,2023-09-28,0.463,0.085,0.422,1.0,Sentinel-2
PR-0066,Marechal Cândido Rondon,PR,trigo,2988.6,2023-10-28,0.539,0.066,0.473,2.4,Sentinel-2
PR-0066,Marechal Cândido Rondon,PR,trigo,2988.6,2023-11-27,0.57,0.047,0.494,9.7,Sentinel-2
PR-0067,Umuarama,PR,milho,166.2,2023-01-01,0.685,0.044,0.581,0.1,Sentinel-2
PR-0067,Umuarama,PR,milho,166.2,2023-01-31,0.541,0.068,0.475,6.8,Sentinel-2
PR-0067,Umuarama,PR,milho,166.2,2023-03-02,0.237,0.062,0.208,10.3,Sentinel-2
PR-0067,Umuarama,PR,milho,166.2,2023-04-01,0.483,0.084,0.404,4.9,Sentinel-2
PR-0067,Umuarama,PR,milho,166.2,2023-05-01,0.543,0.058,0.507,16.6,Sentinel-2
PR-0067,Umuarama,PR,milho,166.2,2023-05-31,0.518,0.071,0.436,9.0,Sentinel-2
PR-0067,Umuarama,PR,milho,166.2,2023-06-30,0.397,0.064,0.37,0.1,Sentinel-2
PR-0067,Umuarama,PR,milho,166.2,2023-07-30,0.247,0.079,0.237,3.2,Sentinel-2
PR-0067,Umuarama,PR,milho,166.2,2023-08-29,0.686,0.029,0.593,3.7,Sentinel-2
PR-0067,Umuarama,PR,milho,166.2,2023-09-28,0.724,0.055,0.638,4.1,Sentinel-2
PR-0067,Umuarama,PR,milho,166.2,2023-10-28,0.31,0.07,0.262,4.4,Sentinel-2
PR-0067,Umuarama,PR,milho,166.2,2023-11-27,0.403,0.069,0.342,1.1,Sentinel-2
PR-0068,Cascavel,PR,milho,356.0,2023-01-01,0.275,0.063,0.214,12.1,Sentinel-2
PR-0068,Cascavel,PR,milho,356.0,2023-01-31,0.492,0.03,0.403,17.0,Sentinel-2
PR-0068,Cascavel,PR,milho,356.0,2023-03-02,0.394,0.018,0.32,17.5,Sentinel-2
PR-0068,Cascavel,PR,milho,356.0,2023-04-01,0.445,0.053,0.39,8.5,Sentinel-2
PR-0068,Cascavel,PR,milho,356.0,2023-05-01,0.591,0.063,0.481,10.3,Sentinel-2
PR-0068,Cascavel,PR,milho,356.0,2023-05-31,0.319,0.068,0.327,16.5,Sentinel-2
PR-0068,Cascavel,PR,milho,356.0,2023-06-30,0.168,0.056,0.131,10.4,Sentinel-2
PR-0068,Cascavel,PR,milho,356.0,2023-07-30,0.264,0.031,0.233,8.2,Sentinel-2
PR-0068,Cascavel,PR,milho,356.0,2023-08-29,0.484,0.09,0.442,0.1,Sentinel-2
PR-0068,Cascavel,PR,milho,356.0,2023-09-28,0.326,0.082,0.274,5.1,Sentinel-2
PR-0068,Cascavel,PR,milho,356.0,2023-10-28,0.358,0.06,0.311,3.2,Sentinel-2
PR-0068,Cascavel,PR,milho,356.0,2023-11-27,0.324,0.056,0.306,6.4,Sentinel-2
PR-0069,Londrina,PR,cana-de-açúcar,2460.5,2023-01-01,0.594,0.069,0.479,4.7,Sentinel-2
PR-0069,Londrina,PR,cana-de-açúcar,2460.5,2023-01-31,0.807,0.077,0.718,8.5,Sentinel-2
PR-0069,Londrina,PR,cana-de-açúcar,2460.5,2023-03-02,0.824,0.072,0.717,0.8,Sentinel-2
PR-0069,Londrina,PR,cana-de-açúcar,2460.5,2023-04-01,0.749,0.038,0.635,2.9,Sentinel-2
PR-0069,Londrina,PR,cana-de-açúcar,2460.5,2023-05-01,0.609,0.059,0.506,3.6,Sentinel-2
PR-0069,Londrina,PR,cana-de-açúcar,2460.5,2023-05-31,0.476,0.073,0.419,4.8,Sentinel-2
PR-0069,Londrina,PR,cana-de-açúcar,2460.5,2023-06-30,0.554,0.05,0.453,10.1,Sentinel-2
PR-0069,Londrina,PR,cana-de-açúcar,2460.5,2023-07-30,0.692,0.085,0.624,2.0,Sentinel-2
PR-0069,Londrina,PR,cana-de-açúcar,2460.5,2023-08-29,0.578,0.092,0.519,5.9,Sentinel-2
PR-0069,Londrina,PR,cana-de-açúcar,2460.5,2023-09-28,0.733,0.058,0.632,1.4,Sentinel-2
PR-0069,Londrina,PR,cana-de-açúcar,2460.5,2023-10-28,0.841,0.085,0.73,7.6,Sentinel-2
PR-0069,Londrina,PR,cana-de-açúcar,2460.5,2023-11-27,0.708,0.078,0.658,4.0,Sentinel-2
PR-0070,Maringá,PR,milho,2164.5,2023-01-01,0.682,0.054,0.573,1.1,Sentinel-2
PR-0070,Maringá,PR,milho,2164.5,2023-01-31,0.547,0.077,0.462,7.1,Sentinel-2
PR-0070,Maringá,PR,milho,2164.5,2023-03-02,0.371,0.059,0.355,6.4,Sentinel-2
PR-0070,Maringá,PR,milho,2164.5,2023-04-01,0.685,0.036,0.607,20.7,Sentinel-2
PR-0070,Maringá,PR,milho,2164.5,2023-05-01,0.651,0.017,0.562,13.5,Sentinel-2
PR-0070,Maringá,PR,milho,2164.5,2023-05-31,0.531,0.083,0.48,7.5,Sentinel-2
PR-0070,Maringá,PR,milho,2164.5,2023-06-30,0.492,0.097,0.404,9.4,Sentinel-2
PR-0070,Maringá,PR,milho,2164.5,2023-07-30,0.68,0.06,0.612,3.4,Sentinel-2
PR-0070,Maringá,PR,milho,2164.5,2023-08-29,0.541,0.095,0.488,17.4,Sentinel-2
PR-0070,Maringá,PR,milho,2164.5,2023-09-28,0.804,0.022,0.697,6.3,Sentinel-2
PR-0070,Maringá,PR,milho,2164.5,2023-10-28,0.603,0.09,0.512,1.9,Sentinel-2
PR-0070,Maringá,PR,milho,2164.5,2023-11-27,0.652,0.053,0.538,20.3,Sentinel-2
PR-0071,Marechal Cândido Rondon,PR,milho,1536.5,2023-01-01,0.63,0.027,0.524,22.9,Sentinel-2
PR-0071,Marechal Cândido Rondon,PR,milho,1536.5,2023-01-31,0.619,0.053,0.51,17.9,Sentinel-2
PR-0071,Marechal Cândido Rondon,PR,milho,1536.5,2023-03-02,0.44,0.051,0.38,0.9,Sentinel-2
PR-0071,Marechal Cândido Rondon,PR,milho,1536.5,2023-04-01,0.689,0.055,0.604,0.5,Sentinel-2
PR-0071,Marechal Cândido Rondon,PR,milho,1536.5,2023-05-01,0.578,0.095,0.533,1.3,Sentinel-2
PR-0071,Marechal Cândido Rondon,PR,milho,1536.5,2023-05-31,0.581,0.092,0.519,1.8,Sentinel-2
PR-0071,Marechal Cândido Rondon,PR,milho,1536.5,2023-06-30,0.491,0.055,0.4,9.0,Sentinel-2
PR-0071,Marechal Cândido Rondon,PR,milho,1536.5,2023-07-30,0.649,0.047,0.559,8.3,Sentinel-2
PR-0071,Marechal Cândido Rondon,PR,milho,1536.5,2023-08-29,0.49,0.075,0.435,9.4,Sentinel-2
PR-0071,Marechal Cândido Rondon,PR,milho,1536.5,2023-09-28,0.503,0.079,0.443,4.3,Sentinel-2
PR-0071,Marechal Cândido Rondon,PR,milho,1536.5,2023-10-28,0.723,0.03,0.636,10.9,Sentinel-2
PR-0071,Marechal Cândido Rondon,PR,milho,1536.5,2023-11-27,0.671,0.072,0.623,15.8,Sentinel-2
PR-0072,Maringá,PR,milho,2738.9,2023-01-01,0.685,0.035,0.568,26.7,Sentinel-2
PR-0072,Maringá,PR,milho,2738.9,2023-01-31,0.554,0.057,0.494,9.2,Sentinel-2
PR-0072,Maringá,PR,milho,2738.9,2023-03-02,0.709,0.071,0.597,4.5,Sentinel-2
PR-0072,Maringá,PR,milho,2738.9,2023-04-01,0.67,0.05,0.579,7.0,Sentinel-2
PR-0072,Maringá,PR,milho,2738.9,2023-05-01,0.597,0.078,0.516,1.3,Sentinel-2
PR-0072,Maringá,PR,milho,2738.9,2023-05-31,0.533,0.057,0.469,21.6,Sentinel-2
PR-0072,Maringá,PR,milho,2738.9,2023-06-30,0.468,0.04,0.381,3.5,Sentinel-2
PR-0072,Maringá,PR,milho,2738.9,2023-07-30,0.609,0.064,0.513,2.0,Sentinel-2
PR-0072,Maringá,PR,milho,2738.9,2023-08-29,0.618,0.067,0.517,6.2,Sentinel-2
PR-0072,Maringá,PR,milho,2738.9,2023-09-28,0.676,0.072,0.596,1.9,Sentinel-2
PR-0072,Maringá,PR,milho,2738.9,2023-10-28,0.624,0.076,0.55,6.0,Sentinel-2
PR-0072,Maringá,PR,milho,2738.9,2023-11-27,0.877,0.097,0.762,31.8,Sentinel-2
PR-0073,Cascavel,PR,soja,2023.4,2023-01-01,0.579,0.089,0.517,0.3,Sentinel-2
PR-0073,Cascavel,PR,soja,2023.4,2023-01-31,0.533,0.075,0.451,12.7,Sentinel-2
PR-0073,Cascavel,PR,soja,2023.4,2023-03-02,0.628,0.07,0.546,5.8,Sentinel-2
PR-0073,Cascavel,PR,soja,2023.4,2023-04-01,0.548,0.063,0.453,5.7,Sentinel-2
PR-0073,Cascavel,PR,soja,2023.4,2023-05-01,0.406,0.061,0.343,0.7,Sentinel-2
PR-0073,Cascavel,PR,soja,2023.4,2023-05-31,0.418,0.104,0.394,11.9,Sentinel-2
PR-0073,Cascavel,PR,soja,2023.4,2023-06-30,0.353,0.054,0.314,1.9,Sentinel-2
PR-0073,Cascavel,PR,soja,2023.4,2023-07-30,0.627,0.045,0.51,1.8,Sentinel-2
PR-0073,Cascavel,PR,soja,2023.4,2023-08-29,0.588,0.024,0.51,13.6,Sentinel-2
PR-0073,Cascavel,PR,soja,2023.4,2023-09-28,0.463,0.087,0.416,0.2,Sentinel-2
PR-0073,Cascavel,PR,soja,2023.4,2023-10-28,0.564,0.055,0.502,2.3,Sentinel-2
PR-0073,Cascavel,PR,soja,2023.4,2023-11-27,0.598,0.094,0.536,19.4,Sentinel-2
PR-0074,Londrina,PR,cana-de-açúcar,1380.8,2023-01-01,0.585,0.062,0.497,8.2,Sentinel-2
PR-0074,Londrina,PR,cana-de-açúcar,1380.8,2023-01-31,0.501,0.035,0.413,7.0,Sentinel-2
PR-0074,Londrina,PR,cana-de-açúcar,1380.8,2023-03-02,0.589,0.053,0.521,12.4,Sentinel-2
PR-0074,Londrina,PR,cana-de-açúcar,1380.8,2023-04-01,0.581,0.057,0.514,11.6,Sentinel-2
PR-0074,Londrina,PR,cana-de-açúcar,1380.8,2023-05-01,0.437,0.068,0.368,6.1,Sentinel-2
PR-0074,Londrina,PR,cana-de-açúcar,1380.8,2023-05-31,0.434,0.073,0.392,12.8,Sentinel-2
PR-0074,Londrina,PR,cana-de-açúcar,1380.8,2023-06-30,0.301,0.046,0.28,19.6,Sentinel-2
PR-0074,Londrina,PR,cana-de-açúcar,1380.8,2023-07-30,0.626,0.069,0.514,3.7,Sentinel-2
PR-0074,Londrina,PR,cana-de-açúcar,1380.8,2023-08-29,0.629,0.052,0.537,0.0,Sentinel-2
PR-0074,Londrina,PR,cana-de-açúcar,1380.8,2023-09-28,0.584,0.04,0.494,23.5,Sentinel-2
PR-0074,Londrina,PR,cana-de-açúcar,1380.8,2023-10-28,0.55,0.091,0.493,4.3,Sentinel-2
PR-0074,Londrina,PR,cana-de-açúcar,1380.8,2023-11-27,0.553,0.045,0.462,1.4,Sentinel-2
PR-0075,Palotina,PR,algodão,2512.5,2023-01-01,0.746,0.08,0.643,11.1,Sentinel-2
PR-0075,Palotina,PR,algodão,2512.5,2023-01-31,0.582,0.085,0.505,8.3,Sentinel-2
PR-0075,Palotina,PR,algodão,2512.5,2023-03-02,0.774,0.073,0.673,7.0,Sentinel-2
PR-0075,Palotina,PR,algodão,2512.5,2023-04-01,0.686,0.078,0.591,8.9,Sentinel-2
PR-0075,Palotina,PR,algodão,2512.5,2023-05-01,0.53,0.076,0.473,5.3,Sentinel-2
PR-0075,Palotina,PR,algodão,2512.5,2023-05-31,0.556,0.046,0.51,9.5,Sentinel-2
PR-0075,Palotina,PR,algodão,2512.5,2023-06-30,0.617,0.081,0.555,1.5,Sentinel-2
PR-0075,Palotina,PR,algodão,2512.5,2023-07-30,0.213,0.046,0.218,10.0,Sentinel-2
PR-0075,Palotina,PR,algodão,2512.5,2023-08-29,0.454,0.048,0.376,3.2,Sentinel-2
PR-0075,Palotina,PR,algodão,2512.5,2023-09-28,0.752,0.038,0.657,11.9,Sentinel-2
PR-0075,Palotina,PR,algodão,2512.5,2023-10-28,0.538,0.061,0.463,2.6,Sentinel-2
PR-0075,Palotina,PR,algodão,2512.5,2023-11-27,0.557,0.079,0.448,1.7,Sentinel-2
PR-0076,Toledo,PR,soja,2681.7,2023-01-01,0.346,0.033,0.271,1.9,Sentinel-2
PR-0076,Toledo,PR,soja,2681.7,2023-01-31,0.389,0.075,0.342,18.0,Sentinel-2
PR-0076,Toledo,PR,soja,2681.7,2023-03-02,0.329,0.053,0.298,17.8,Sentinel-2
PR-0076,Toledo,PR,soja,2681.7,2023-04-01,0.55,0.027,0.458,1.1,Sentinel-2
PR-0076,Toledo,PR,soja,2681.7,2023-05-01,0.346,0.06,0.299,2.2,Sentinel-2
PR-0076,Toledo,PR,soja,2681.7,2023-05-31,0.401,0.115,0.336,9.2,Sentinel-2
PR-0076,Toledo,PR,soja,2681.7,2023-06-30,0.392,0.049,0.355,6.7,Sentinel-2
PR-0076,Toledo,PR,soja,2681.7,2023-07-30,0.499,0.068,0.426,10.5,Sentinel-2
PR-0076,Toledo,PR,soja,2681.7,2023-08-29,0.417,0.058,0.364,2.5,Sentinel-2
PR-0076,Toledo,PR,soja,2681.7,2023-09-28,0.398,0.063,0.375,5.8,Sentinel-2
PR-0076,Toledo,PR,soja,2681.7,2023-10-28,0.496,0.041,0.467,0.3,Sentinel-2
PR-0076,Toledo,PR,soja,2681.7,2023-11-27,0.368,0.054,0.313,27.6,Sentinel-2
PR-0077,Umuarama,PR,trigo,1757.0,2023-01-01,0.474,0.086,0.393,14.4,Sentinel-2
PR-0077,Umuarama,PR,trigo,1757.0,2023-01-31,0.52,0.041,0.45,19.0,Sentinel-2
PR-0077,Umuarama,PR,trigo,1757.0,2023-03-02,0.298,0.058,0.275,5.3,Sentinel-2
PR-0077,Umuarama,PR,trigo,1757.0,2023-04-01,0.306,0.041,0.252,1.2,Sentinel-2
PR-0077,Umuarama,PR,trigo,1757.0,2023-05-01,0.342,0.067,0.289,1.7,Sentinel-2
PR-0077,Umuarama,PR,trigo,1757.0,2023-05-31,0.261,0.039,0.251,1.0,Sentinel-2
PR-0077,Umuarama,PR,trigo,1757.0,2023-06-30,0.345,0.096,0.296,5.2,Sentinel-2
PR-0077,Umuarama,PR,trigo,1757.0,2023-07-30,0.196,0.063,0.182,14.3,Sentinel-2
PR-0077,Umuarama,PR,trigo,1757.0,2023-08-29,0.352,0.061,0.296,7.9,Sentinel-2
PR-0077,Umuarama,PR,trigo,1757.0,2023-09-28,0.371,0.085,0.329,0.5,Sentinel-2
PR-0077,Umuarama,PR,trigo,1757.0,2023-10-28,0.396,0.073,0.371,6.6,Sentinel-2
PR-0077,Umuarama,PR,trigo,1757.0,2023-11-27,0.361,0.092,0.318,8.7,Sentinel-2
PR-0078,Umuarama,PR,soja,689.0,2023-01-01,0.671,0.058,0.602,7.3,Sentinel-2
PR-0078,Umuarama,PR,soja,689.0,2023-01-31,0.635,0.07,0.517,1.6,Sentinel-2
PR-0078,Umuarama,PR,soja,689.0,2023-03-02,0.428,0.047,0.369,4.8,Sentinel-2
PR-0078,Umuarama,PR,soja,689.0,2023-04-01,0.38,0.048,0.322,3.9,Sentinel-2
PR-0078,Umuarama,PR,soja,689.0,2023-05-01,0.442,0.068,0.4,4.4,Sentinel-2
PR-0078,Umuarama,PR,soja,689.0,2023-05-31,0.299,0.065,0.267,5.2,Sentinel-2
PR-0078,Umuarama,PR,soja,689.0,2023-06-30,0.369,0.056,0.326,1.0,Sentinel-2
PR-0078,Umuarama,PR,soja,689.0,2023-07-30,0.274,0.049,0.24,7.4,Sentinel-2
PR-0078,Umuarama,PR,soja,689.0,2023-08-29,0.49,0.022,0.431,5.9,Sentinel-2
PR-0078,Umuarama,PR,soja,689.0,2023-09-28,0.327,0.056,0.289,6.0,Sentinel-2
PR-0078,Umuarama,PR,soja,689.0,2023-10-28,0.493,0.096,0.434,7.1,Sentinel-2
PR-0078,Umuarama,PR,soja,689.0,2023-11-27,0.375,0.058,0.292,9.5,Sentinel-2
PR-0079,Toledo,PR,cana-de-açúcar,445.0,2023-01-01,0.62,0.016,0.562,6.3,Sentinel-2
PR-0079,Toledo,PR,cana-de-açúcar,445.0,2023-01-31,0.661,0.06,0.577,10.9,Sentinel-2
PR-0079,Toledo,PR,cana-de-açúcar,445.0,2023-03-02,0.709,0.061,0.598,1.8,Sentinel-2
PR-0079,Toledo,PR,cana-de-açúcar,445.0,2023-04-01,0.589,0.067,0.493,0.9,Sentinel-2
PR-0079,Toledo,PR,cana-de-açúcar,445.0,2023-05-01,0.413,0.072,0.358,6.7,Sentinel-2
PR-0079,Toledo,PR,cana-de-açúcar,445.0,2023-05-31,0.631,0.013,0.509,4.1,Sentinel-2
PR-0079,Toledo,PR,cana-de-açúcar,445.0,2023-06-30,0.553,0.084,0.469,6.6,Sentinel-2
PR-0079,Toledo,PR,cana-de-açúcar,445.0,2023-07-30,0.5,0.01,0.441,6.9,Sentinel-2
PR-0079,Toledo,PR,cana-de-açúcar,445.0,2023-08-29,0.534,0.04,0.49,1.0,Sentinel-2
PR-0079,Toledo,PR,cana-de-açúcar,445.0,2023-09-28,0.737,0.064,0.676,23.8,Sentinel-2
PR-0079,Toledo,PR,cana-de-açúcar,445.0,2023-10-28,0.687,0.074,0.605,7.6,Sentinel-2
PR-0079,Toledo,PR,cana-de-açúcar,445.0,2023-11-27,0.442,0.057,0.379,3.9,Sentinel-2
PR-0080,Cascavel,PR,soja,2478.6,2023-01-01,0.666,0.05,0.592,0.7,Sentinel-2
PR-0080,Cascavel,PR,soja,2478.6,2023-01-31,0.598,0.079,0.525,33.3,Sentinel-2
PR-0080,Cascavel,PR,soja,2478.6,2023-03-02,0.478,0.044,0.41,23.3,Sentinel-2
PR-0080,Cascavel,PR,soja,2478.6,2023-04-01,0.439,0.072,0.356,4.6,Sentinel-2
PR-0080,Cascavel,PR,soja,2478.6,2023-05-01,0.534,0.088,0.47,0.3,Sentinel-2
PR-0080,Cascavel,PR,soja,2478.6,2023-05-31,0.413,0.04,0.345,2.1,Sentinel-2
PR-0080,Cascavel,PR,soja,2478.6,2023-06-30,0.503,0.065,0.438,1.4,Sentinel-2
PR-0080,Cascavel,PR,soja,2478.6,2023-07-30,0.492,0.095,0.428,3.5,Sentinel-2
PR-0080,Cascavel,PR,soja,2478.6,2023-08-29,0.385,0.076,0.302,0.6,Sentinel-2
PR-0080,Cascavel,PR,soja,2478.6,2023-09-28,0.552,0.074,0.489,14.2,Sentinel-2
PR-0080,Cascavel,PR,soja,2478.6,2023-10-28,0.65,0.051,0.581,7.5,Sentinel-2
PR-0080,Cascavel,PR,soja,2478.6,2023-11-27,0.552,0.076,0.523,6.8,Sentinel-2
PR-0081,Umuarama,PR,milho,1251.0,2023-01-01,0.548,0.051,0.471,5.8,Sentinel-2
PR-0081,Umuarama,PR,milho,1251.0,2023-01-31,0.731,0.059,0.66,12.6,Sentinel-2
PR-0081,Umuarama,PR,milho,1251.0,2023-03-02,0.68,0.082,0.575,2.2,Sentinel-2
PR-0081,Umuarama,PR,milho,1251.0,2023-04-01,0.776,0.042,0.705,9.2,Sentinel-2
PR-0081,Umuarama,PR,milho,1251.0,2023-05-01,0.79,0.036,0.672,3.9,Sentinel-2
PR-0081,Umuarama,PR,milho,1251.0,2023-05-31,0.61,0.063,0.517,9.7,Sentinel-2
PR-0081,Umuarama,PR,milho,1251.0,2023-06-30,0.638,0.04,0.54,9.7,Sentinel-2
PR-0081,Umuarama,PR,milho,1251.0,2023-07-30,0.719,0.059,0.642,4.1,Sentinel-2
PR-0081,Umuarama,PR,milho,1251.0,2023-08-29,0.599,0.042,0.509,3.0,Sentinel-2
PR-0081,Umuarama,PR,milho,1251.0,2023-09-28,0.655,0.065,0.595,1.6,Sentinel-2
PR-0081,Umuarama,PR,milho,1251.0,2023-10-28,0.673,0.014,0.598,2.1,Sentinel-2
PR-0081,Umuarama,PR,milho,1251.0,2023-11-27,0.862,0.061,0.766,2.1,Sentinel-2
PR-0082,Palotina,PR,algodão,1100.3,2023-01-01,0.638,0.066,0.578,0.1,Sentinel-2
PR-0082,Palotina,PR,algodão,1100.3,2023-01-31,0.558,0.091,0.446,15.1,Sentinel-2
PR-0082,Palotina,PR,algodão,1100.3,2023-03-02,0.522,0.073,0.487,6.8,Sentinel-2
PR-0082,Palotina,PR,algodão,1100.3,2023-04-01,0.44,0.058,0.395,11.6,Sentinel-2
PR-0082,Palotina,PR,algodão,1100.3,2023-05-01,0.389,0.059,0.339,6.0,Sentinel-2
PR-0082,Palotina,PR,algodão,1100.3,2023-05-31,0.452,0.018,0.415,0.3,Sentinel-2
PR-0082,Palotina,PR,algodão,1100.3,2023-06-30,0.372,0.093,0.327,1.0,Sentinel-2
PR-0082,Palotina,PR,algodão,1100.3,2023-07-30,0.378,0.043,0.327,0.1,Sentinel-2
PR-0082,Palotina,PR,algodão,1100.3,2023-08-29,0.462,0.043,0.417,15.8,Sentinel-2
PR-0082,Palotina,PR,algodão,1100.3,2023-09-28,0.673,0.066,0.6,2.5,Sentinel-2
PR-0082,Palotina,PR,algodão,1100.3,2023-10-28,0.715,0.055,0.631,4.3,Sentinel-2
PR-0082,Palotina,PR,algodão,1100.3,2023-11-27,0.725,0.06,0.612,4.1,Sentinel-2
PR-0083,Maringá,PR,milho,1735.7,2023-01-01,0.344,0.026,0.293,6.5,Sentinel-2
PR-0083,Maringá,PR,milho,1735.7,2023-01-31,0.217,0.068,0.178,12.9,Sentinel-2
PR-0083,Maringá,PR,milho,1735.7,2023-03-02,0.42,0.037,0.386,1.2,Sentinel-2
PR-0083,Maringá,PR,milho,1735.7,2023-04-01,0.438,0.082,0.363,6.1,Sentinel-2
PR-0083,Maringá,PR,milho,1735.7,2023-05-01,0.294,0.081,0.256,0.4,Sentinel-2
PR-0083,Maringá,PR,milho,1735.7,2023-05-31,0.587,0.07,0.518,1.9,Sentinel-2
PR-0083,Maringá,PR,milho,1735.7,2023-06-30,0.344,0.098,0.326,2.4,Sentinel-2
PR-0083,Maringá,PR,milho,1735.7,2023-07-30,0.463,0.044,0.422,13.3,Sentinel-2
PR-0083,Maringá,PR,milho,1735.7,2023-08-29,0.281,0.077,0.227,7.4,Sentinel-2
PR-0083,Maringá,PR,milho,1735.7,2023-09-28,0.576,0.034,0.487,6.2,Sentinel-2
PR-0083,Maringá,PR,milho,1735.7,2023-10-28,0.527,0.058,0.448,11.9,Sentinel-2
PR-0083,Maringá,PR,milho,1735.7,2023-11-27,0.558,0.052,0.488,7.6,Sentinel-2
PR-0084,Maringá,PR,milho,2611.4,2023-01-01,0.534,0.073,0.429,0.7,Sentinel-2
PR-0084,Maringá,PR,milho,2611.4,2023-01-31,0.827,0.05,0.734,8.5,Sentinel-2
PR-0084,Maringá,PR,milho,2611.4,2023-03-02,0.64,0.034,0.523,12.1,Sentinel-2
PR-0084,Maringá,PR,milho,2611.4,2023-04-01,0.833,0.091,0.712,5.9,Sentinel-2
PR-0084,Maringá,PR,milho,2611.4,2023-05-01,0.531,0.064,0.468,2.1,Sentinel-2
PR-0084,Maringá,PR,milho,2611.4,2023-05-31,0.551,0.06,0.512,11.1,Sentinel-2
PR-0084,Maringá,PR,milho,2611.4,2023-06-30,0.63,0.08,0.587,5.1,Sentinel-2
PR-0084,Maringá,PR,milho,2611.4,2023-07-30,0.759,0.092,0.672,5.9,Sentinel-2
PR-0084,Maringá,PR,milho,2611.4,2023-08-29,0.656,0.06,0.565,21.5,Sentinel-2
PR-0084,Maringá,PR,milho,2611.4,2023-09-28,0.646,0.049,0.571,10.7,Sentinel-2
PR-0084,Maringá,PR,milho,2611.4,2023-10-28,0.622,0.064,0.529,0.3,Sentinel-2
PR-0084,Maringá,PR,milho,2611.4,2023-11-27,0.668,0.032,0.616,16.0,Sentinel-2
PR-0085,Maringá,PR,algodão,2807.8,2023-01-01,0.05,0.078,0.039,7.3,Sentinel-2
PR-0085,Maringá,PR,algodão,2807.8,2023-01-31,0.273,0.041,0.217,6.6,Sentinel-2
PR-0085,Maringá,PR,algodão,2807.8,2023-03-02,0.166,0.056,0.138,6.2,Sentinel-2
PR-0085,Maringá,PR,algodão,2807.8,2023-04-01,0.462,0.067,0.381,3.6,Sentinel-2
PR-0085,Maringá,PR,algodão,2807.8,2023-05-01,0.263,0.077,0.266,15.1,Sentinel-2
PR-0085,Maringá,PR,algodão,2807.8,2023-05-31,0.27,0.047,0.254,0.1,Sentinel-2
PR-0085,Maringá,PR,algodão,2807.8,2023-06-30,0.548,0.037,0.474,4.5,Sentinel-2
PR-0085,Maringá,PR,algodão,2807.8,2023-07-30,0.273,0.056,0.251,0.1,Sentinel-2
PR-0085,Maringá,PR,algodão,2807.8,2023-08-29,0.176,0.075,0.135,1.4,Sentinel-2
PR-0085,Maringá,PR,algodão,2807.8,2023-09-28,0.302,0.058,0.243,3.8,Sentinel-2
PR-0085,Maringá,PR,algodão,2807.8,2023-10-28,0.339,0.081,0.297,19.3,Sentinel-2
PR-0085,Maringá,PR,algodão,2807.8,2023-11-27,0.571,0.071,0.468,2.7,Sentinel-2
PR-0086,Ponta Grossa,PR,trigo,1268.1,2023-01-01,0.687,0.075,0.58,2.5,Sentinel-2
PR-0086,Ponta Grossa,PR,trigo,1268.1,2023-01-31,0.534,0.051,0.456,0.2,Sentinel-2
PR-0086,Ponta Grossa,PR,trigo,1268.1,2023-03-02,0.78,0.068,0.682,2.5,Sentinel-2
PR-0086,Ponta Grossa,PR,trigo,1268.1,2023-04-01,0.697,0.053,0.575,2.1,Sentinel-2
PR-0086,Ponta Grossa,PR,trigo,1268.1,2023-05-01,0.645,0.079,0.552,12.9,Sentinel-2
PR-0086,Ponta Grossa,PR,trigo,1268.1,2023-05-31,0.65,0.082,0.565,12.5,Sentinel-2
PR-0086,Ponta Grossa,PR,trigo,1268.1,2023-06-30,0.468,0.094,0.413,12.0,Sentinel-2
PR-0086,Ponta Grossa,PR,trigo,1268.1,2023-07-30,0.559,0.08,0.496,1.7,Sentinel-2
PR-0086,Ponta Grossa,PR,trigo,1268.1,2023-08-29,0.68,0.029,0.597,11.7,Sentinel-2
PR-0086,Ponta Grossa,PR,trigo,1268.1,2023-09-28,0.601,0.06,0.557,4.7,Sentinel-2
PR-0086,Ponta Grossa,PR,trigo,1268.1,2023-10-28,0.648,0.055,0.53,5.9,Sentinel-2
PR-0086,Ponta Grossa,PR,trigo,1268.1,2023-11-27,0.696,0.082,0.603,9.2,Sentinel-2
PR-0087,Umuarama,PR,trigo,517.9,2023-01-01,0.645,0.035,0.578,2.8,Sentinel-2
PR-0087,Umuarama,PR,trigo,517.9,2023-01-31,0.737,0.056,0.647,8.8,Sentinel-2
PR-0087,Umuarama,PR,trigo,517.9,2023-03-02,0.73,0.058,0.632,12.7,Sentinel-2
PR-0087,Umuarama,PR,trigo,517.9,2023-04-01,0.658,0.043,0.562,2.2,Sentinel-2
PR-0087,Umuarama,PR,trigo,517.9,2023-05-01,0.712,0.055,0.609,1.3,Sentinel-2
PR-0087,Umuarama,PR,trigo,517.9,2023-05-31,0.414,0.062,0.345,5.5,Sentinel-2
PR-0087,Umuarama,PR,trigo,517.9,2023-06-30,0.531,0.043,0.495,0.5,Sentinel-2
PR-0087,Umuarama,PR,trigo,517.9,2023-07-30,0.535,0.053,0.474,6.1,Sentinel-2
PR-0087,Umuarama,PR,trigo,517.9,2023-08-29,0.669,0.074,0.572,8.3,Sentinel-2
PR-0087,Umuarama,PR,trigo,517.9,2023-09-28,0.778,0.036,0.712,10.6,Sentinel-2
PR-0087,Umuarama,PR,trigo,517.9,2023-10-28,0.756,0.063,0.655,0.3,Sentinel-2
PR-0087,Umuarama,PR,trigo,517.9,2023-11-27,0.568,0.053,0.469,6.3,Sentinel-2
PR-0088,Maringá,PR,milho,1721.8,2023-01-01,0.318,0.087,0.271,19.7,Sentinel-2
PR-0088,Maringá,PR,milho,1721.8,2023-01-31,0.654,0.053,0.566,1.3,Sentinel-2
PR-0088,Maringá,PR,milho,1721.8,2023-03-02,0.403,0.075,0.35,8.1,Sentinel-2
PR-0088,Maringá,PR,milho,1721.8,2023-04-01,0.433,0.051,0.386,0.2,Sentinel-2
PR-0088,Maringá,PR,milho,1721.8,2023-05-01,0.479,0.033,0.419,8.6,Sentinel-2
PR-0088,Maringá,PR,milho,1721.8,2023-05-31,0.541,0.041,0.466,5.9,Sentinel-2
PR-0088,Maringá,PR,milho,1721.8,2023-06-30,0.198,0.06,0.159,8.2,Sentinel-2
PR-0088,Maringá,PR,milho,1721.8,2023-07-30,0.281,0.079,0.26,0.6,Sentinel-2
PR-0088,Maringá,PR,milho,1721.8,2023-08-29,0.382,0.051,0.342,5.3,Sentinel-2
PR-0088,Maringá,PR,milho,1721.8,2023-09-28,0.372,0.081,0.339,14.5,Sentinel-2
PR-0088,Maringá,PR,milho,1721.8,2023-10-28,0.35,0.04,0.3,3.7,Sentinel-2
PR-0088,Maringá,PR,milho,1721.8,2023-11-27,0.342,0.054,0.293,21.3,Sentinel-2
PR-0089,Palotina,PR,cana-de-açúcar,2788.8,2023-01-01,0.624,0.066,0.522,17.7,Sentinel-2
PR-0089,Palotina,PR,cana-de-açúcar,2788.8,2023-01-31,0.864,0.076,0.72,0.5,Sentinel-2
PR-0089,Palotina,PR,cana-de-açúcar,2788.8,2023-03-02,0.668,0.044,0.577,0.6,Sentinel-2
PR-0089,Palotina,PR,cana-de-açúcar,2788.8,2023-04-01,0.58,0.065,0.528,0.9,Sentinel-2
PR-0089,Palotina,PR,cana-de-açúcar,2788.8,2023-05-01,0.681,0.08,0.602,6.8,Sentinel-2
PR-0089,Palotina,PR,cana-de-açúcar,2788.8,2023-05-31,0.793,0.084,0.682,6.5,Sentinel-2
PR-0089,Palotina,PR,cana-de-açúcar,2788.8,2023-06-30,0.666,0.026,0.553,9.7,Sentinel-2
PR-0089,Palotina,PR,cana-de-açúcar,2788.8,2023-07-30,0.608,0.052,0.533,12.6,Sentinel-2
PR-0089,Palotina,PR,cana-de-açúcar,2788.8,2023-08-29,0.569,0.053,0.481,7.3,Sentinel-2
PR-0089,Palotina,PR,cana-de-açúcar,2788.8,2023-09-28,0.657,0.099,0.554,6.4,Sentinel-2
PR-0089,Palotina,PR,cana-de-açúcar,2788.8,2023-10-28,0.924,0.059,0.779,14.0,Sentinel-2
PR-0089,Palotina,PR,cana-de-açúcar,2788.8,2023-11-27,0.817,0.053,0.724,6.3,Sentinel-2
PR-0090,Londrina,PR,algodão,2782.1,2023-01-01,0.509,0.077,0.443,0.3,Sentinel-2
PR-0090,Londrina,PR,algodão,2782.1,2023-01-31,0.599,0.059,0.525,1.2,Sentinel-2
PR-0090,Londrina,PR,algodão,2782.1,2023-03-02,0.612,0.059,0.546,3.0,Sentinel-2
PR-0090,Londrina,PR,algodão,2782.1,2023-04-01,0.591,0.066,0.467,13.8,Sentinel-2
PR-0090,Londrina,PR,algodão,2782.1,2023-05-01,0.656,0.048,0.547,0.8,Sentinel-2
PR-0090,Londrina,PR,algodão,2782.1,2023-05-31,0.447,0.049,0.392,2.5,Sentinel-2
PR-0090,Londrina,PR,algodão,2782.1,2023-06-30,0.596,0.05,0.518,6.8,Sentinel-2
PR-0090,Londrina,PR,algodão,2782.1,2023-07-30,0.63,0.047,0.542,0.6,Sentinel-2
PR-0090,Londrina,PR,algodão,2782.1,2023-08-29,0.453,0.08,0.351,9.7,Sentinel-2
PR-0090,Londrina,PR,algodão,2782.1,2023-09-28,0.62,0.064,0.532,8.2,Sentinel-2
PR-0090,Londrina,PR,algodão,2782.1,2023-10-28,0.83,0.068,0.696,20.4,Sentinel-2
PR-0090,Londrina,PR,algodão,2782.1,2023-11-27,0.753,0.039,0.691,4.6,Sentinel-2
PR-0091,Toledo,PR,milho,2255.7,2023-01-01,0.583,0.048,0.503,5.9,Sentinel-2
PR-0091,Toledo,PR,milho,2255.7,2023-01-31,0.4,0.049,0.372,3.2,Sentinel-2
PR-0091,Toledo,PR,milho,2255.7,2023-03-02,0.408,0.049,0.323,28.3,Sentinel-2
PR-0091,Toledo,PR,milho,2255.7,2023-04-01,0.063,0.06,0.029,0.8,Sentinel-2
PR-0091,Toledo,PR,milho,2255.7,2023-05-01,0.158,0.075,0.148,5.2,Sentinel-2
PR-0091,Toledo,PR,milho,2255.7,2023-05-31,0.437,0.059,0.355,2.4,Sentinel-2
PR-0091,Toledo,PR,milho,2255.7,2023-06-30,0.247,0.073,0.204,5.2,Sentinel-2
PR-0091,Toledo,PR,milho,2255.7,2023-07-30,0.157,0.066,0.156,6.8,Sentinel-2
PR-0091,Toledo,PR,milho,2255.7,2023-08-29,0.05,0.034,0.029,2.5,Sentinel-2
PR-0091,Toledo,PR,milho,2255.7,2023-09-28,0.416,0.032,0.375,6.9,Sentinel-2
PR-0091,Toledo,PR,milho,2255.7,2023-10-28,0.524,0.073,0.447,3.4,Sentinel-2
PR-0091,Toledo,PR,milho,2255.7,2023-11-27,0.488,0.041,0.397,1.5,Sentinel-2
PR-0092,Campo Mourão,PR,algodão,2473.7,2023-01-01,0.35,0.045,0.317,9.3,Sentinel-2
PR-0092,Campo Mourão,PR,algodão,2473.7,2023-01-31,0.407,0.078,0.381,0.7,Sentinel-2
PR-0092,Campo Mourão,PR,algodão,2473.7,2023-03-02,0.444,0.045,0.378,14.3,Sentinel-2
PR-0092,Campo Mourão,PR,algodão,2473.7,2023-04-01,0.399,0.056,0.365,13.0,Sentinel-2
PR-0092,Campo Mourão,PR,algodão,2473.7,2023-05-01,0.32,0.081,0.262,1.9,Sentinel-2
PR-0092,Campo Mourão,PR,algodão,2473.7,2023-05-31,0.556,0.028,0.474,6.4,Sentinel-2
PR-0092,Campo Mourão,PR,algodão,2473.7,2023-06-30,0.08,0.016,0.059,3.8,Sentinel-2
PR-0092,Campo Mourão,PR,algodão,2473.7,2023-07-30,0.188,0.08,0.15,2.4,Sentinel-2
PR-0092,Campo Mourão,PR,algodão,2473.7,2023-08-29,0.451,0.065,0.387,5.0,Sentinel-2
PR-0092,Campo Mourão,PR,algodão,2473.7,2023-09-28,0.352,0.067,0.304,8.6,Sentinel-2
PR-0092,Campo Mourão,PR,algodão,2473.7,2023-10-28,0.301,0.022,0.255,2.8,Sentinel-2
PR-0092,Campo Mourão,PR,algodão,2473.7,2023-11-27,0.498,0.075,0.42,31.2,Sentinel-2
PR-0093,Ponta Grossa,PR,soja,2716.4,2023-01-01,0.652,0.042,0.577,4.9,Sentinel-2
PR-0093,Ponta Grossa,PR,soja,2716.4,2023-01-31,0.679,0.064,0.588,2.3,Sentinel-2
PR-0093,Ponta Grossa,PR,soja,2716.4,2023-03-02,0.481,0.057,0.41,3.4,Sentinel-2
PR-0093,Ponta Grossa,PR,soja,2716.4,2023-04-01,0.606,0.043,0.55,2.2,Sentinel-2
PR-0093,Ponta Grossa,PR,soja,2716.4,2023-05-01,0.607,0.057,0.539,16.9,Sentinel-2
PR-0093,Ponta Grossa,PR,soja,2716.4,2023-05-31,0.36,0.088,0.29,0.2,Sentinel-2
PR-0093,Ponta Grossa,PR,soja,2716.4,2023-06-30,0.414,0.055,0.385,8.6,Sentinel-2
PR-0093,Ponta Grossa,PR,soja,2716.4,2023-07-30,0.664,0.077,0.588,25.9,Sentinel-2
PR-0093,Ponta Grossa,PR,soja,2716.4,2023-08-29,0.383,0.042,0.336,1.3,Sentinel-2
PR-0093,Ponta Grossa,PR,soja,2716.4,2023-09-28,0.643,0.103,0.552,3.2,Sentinel-2
PR-0093,Ponta Grossa,PR,soja,2716.4,2023-10-28,0.504,0.056,0.455,12.9,Sentinel-2
PR-0093,Ponta Grossa,PR,soja,2716.4,2023-11-27,0.665,0.071,0.566,9.8,Sentinel-2
PR-0094,Ponta Grossa,PR,milho,1318.7,2023-01-01,0.594,0.039,0.521,6.1,Sentinel-2
PR-0094,Ponta Grossa,PR,milho,1318.7,2023-01-31,0.718,0.058,0.612,14.6,Sentinel-2
PR-0094,Ponta Grossa,PR,milho,1318.7,2023-03-02,0.698,0.064,0.585,26.0,Sentinel-2
PR-0094,Ponta Grossa,PR,milho,1318.7,2023-04-01,0.95,0.049,0.85,13.8,Sentinel-2
PR-0094,Ponta Grossa,PR,milho,1318.7,2023-05-01,0.472,0.035,0.418,1.1,Sentinel-2
PR-0094,Ponta Grossa,PR,milho,1318.7,2023-05-31,0.663,0.118,0.587,7.7,Sentinel-2
PR-0094,Ponta Grossa,PR,milho,1318.7,2023-06-30,0.47,0.043,0.397,0.2,Sentinel-2
PR-0094,Ponta Grossa,PR,milho,1318.7,2023-07-30,0.551,0.091,0.496,1.2,Sentinel-2
PR-0094,Ponta Grossa,PR,milho,1318.7,2023-08-29,0.677,0.041,0.581,3.9,Sentinel-2
PR-0094,Ponta Grossa,PR,milho,1318.7,2023-09-28,0.618,0.048,0.54,2.1,Sentinel-2
PR-0094,Ponta Grossa,PR,milho,1318.7,2023-10-28,0.415,0.089,0.404,2.0,Sentinel-2
PR-0094,Ponta Grossa,PR,milho,1318.7,2023-11-27,0.547,0.054,0.464,1.8,Sentinel-2
PR-0095,Marechal Cândido Rondon,PR,cana-de-açúcar,2608.0,2023-01-01,0.531,0.023,0.478,12.0,Sentinel-2
PR-0095,Marechal Cândido Rondon,PR,cana-de-açúcar,2608.0,2023-01-31,0.538,0.031,0.445,10.2,Sentinel-2
PR-0095,Marechal Cândido Rondon,PR,cana-de-açúcar,2608.0,2023-03-02,0.432,0.089,0.354,8.2,Sentinel-2
PR-0095,Marechal Cândido Rondon,PR,cana-de-açúcar,2608.0,2023-04-01,0.551,0.058,0.474,0.9,Sentinel-2
PR-0095,Marechal Cândido Rondon,PR,cana-de-açúcar,2608.0,2023-05-01,0.342,0.071,0.309,6.2,Sentinel-2
PR-0095,Marechal Cândido Rondon,PR,cana-de-açúcar,2608.0,2023-05-31,0.473,0.066,0.411,3.9,Sentinel-2
PR-0095,Marechal Cândido Rondon,PR,cana-de-açúcar,2608.0,2023-06-30,0.542,0.01,0.479,17.3,Sentinel-2
PR-0095,Marechal Cândido Rondon,PR,cana-de-açúcar,2608.0,2023-07-30,0.61,0.062,0.514,1.5,Sentinel-2
PR-0095,Marechal Cândido Rondon,PR,cana-de-açúcar,2608.0,2023-08-29,0.464,0.103,0.388,5.0,Sentinel-2
PR-0095,Marechal Cândido Rondon,PR,cana-de-açúcar,2608.0,2023-09-28,0.419,0.055,0.358,5.6,Sentinel-2
PR-0095,Marechal Cândido Rondon,PR,cana-de-açúcar,2608.0,2023-10-28,0.651,0.084,0.586,4.0,Sentinel-2
PR-0095,Marechal Cândido Rondon,PR,cana-de-açúcar,2608.0,2023-11-27,0.53,0.058,0.465,4.8,Sentinel-2
PR-0096,Palotina,PR,cana-de-açúcar,316.0,2023-01-01,0.68,0.019,0.601,1.1,Sentinel-2
PR-0096,Palotina,PR,cana-de-açúcar,316.0,2023-01-31,0.613,0.076,0.547,3.6,Sentinel-2
PR-0096,Palotina,PR,cana-de-açúcar,316.0,2023-03-02,0.662,0.057,0.582,23.9,Sentinel-2
PR-0096,Palotina,PR,cana-de-açúcar,316.0,2023-04-01,0.646,0.046,0.575,11.7,Sentinel-2
PR-0096,Palotina,PR,cana-de-açúcar,316.0,2023-05-01,0.769,0.046,0.663,16.2,Sentinel-2
PR-0096,Palotina,PR,cana-de-açúcar,316.0,2023-05-31,0.627,0.074,0.574,4.4,Sentinel-2
PR-0096,Palotina,PR,cana-de-açúcar,316.0,2023-06-30,0.614,0.092,0.507,1.0,Sentinel-2
PR-0096,Palotina,PR,cana-de-açúcar,316.0,2023-07-30,0.712,0.069,0.629,7.8,Sentinel-2
PR-0096,Palotina,PR,cana-de-açúcar,316.0,2023-08-29,0.668,0.082,0.597,0.0,Sentinel-2
PR-0096,Palotina,PR,cana-de-açúcar,316.0,2023-09-28,0.661,0.071,0.565,7.1,Sentinel-2
PR-0096,Palotina,PR,cana-de-açúcar,316.0,2023-10-28,0.659,0.063,0.597,2.2,Sentinel-2
PR-0096,Palotina,PR,cana-de-açúcar,316.0,2023-11-27,0.808,0.033,0.695,6.5,Sentinel-2
PR-0097,Palotina,PR,soja,595.3,2023-01-01,0.704,0.056,0.631,14.6,Sentinel-2
PR-0097,Palotina,PR,soja,595.3,2023-01-31,0.602,0.047,0.567,0.4,Sentinel-2
PR-0097,Palotina,PR,soja,595.3,2023-03-02,0.666,0.066,0.566,9.4,Sentinel-2
PR-0097,Palotina,PR,soja,595.3,2023-04-01,0.599,0.031,0.501,1.6,Sentinel-2
PR-0097,Palotina,PR,soja,595.3,2023-05-01,0.514,0.067,0.455,2.8,Sentinel-2
PR-0097,Palotina,PR,soja,595.3,2023-05-31,0.622,0.047,0.555,0.6,Sentinel-2
PR-0097,Palotina,PR,soja,595.3,2023-06-30,0.527,0.071,0.455,9.5,Sentinel-2
PR-0097,Palotina,PR,soja,595.3,2023-07-30,0.692,0.056,0.626,5.9,Sentinel-2
PR-0097,Palotina,PR,soja,595.3,2023-08-29,0.594,0.034,0.542,7.9,Sentinel-2
PR-0097,Palotina,PR,soja,595.3,2023-09-28,0.823,0.083,0.714,9.3,Sentinel-2
PR-0097,Palotina,PR,soja,595.3,2023-10-28,0.95,0.036,0.82,3.0,Sentinel-2
PR-0097,Palotina,PR,soja,595.3,2023-11-27,0.853,0.01,0.732,3.5,Sentinel-2
PR-0098,Marechal Cândido Rondon,PR,algodão,1709.8,2023-01-01,0.33,0.037,0.302,2.1,Sentinel-2
PR-0098,Marechal Cândido Rondon,PR,algodão,1709.8,2023-01-31,0.098,0.057,0.098,1.0,Sentinel-2
PR-0098,Marechal Cândido Rondon,PR,algodão,1709.8,2023-03-02,0.124,0.068,0.106,7.6,Sentinel-2
PR-0098,Marechal Cândido Rondon,PR,algodão,1709.8,2023-04-01,0.262,0.055,0.231,3.4,Sentinel-2
PR-0098,Marechal Cândido Rondon,PR,algodão,1709.8,2023-05-01,0.301,0.047,0.242,2.3,Sentinel-2
PR-0098,Marechal Cândido Rondon,PR,algodão,1709.8,2023-05-31,0.116,0.075,0.108,6.4,Sentinel-2
PR-0098,Marechal Cândido Rondon,PR,algodão,1709.8,2023-06-30,0.277,0.05,0.231,6.7,Sentinel-2
PR-0098,Marechal Cândido Rondon,PR,algodão,1709.8,2023-07-30,0.383,0.097,0.324,1.7,Sentinel-2
PR-0098,Marechal Cândido Rondon,PR,algodão,1709.8,2023-08-29,0.418,0.021,0.341,0.3,Sentinel-2
PR-0098,Marechal Cândido Rondon,PR,algodão,1709.8,2023-09-28,0.369,0.068,0.33,4.9,Sentinel-2
PR-0098,Marechal Cândido Rondon,PR,algodão,1709.8,2023-10-28,0.533,0.028,0.428,21.0,Sentinel-2
PR-0098,Marechal Cândido Rondon,PR,algodão,1709.8,2023-11-27,0.406,0.083,0.361,6.7,Sentinel-2
PR-0099,Campo Mourão,PR,algodão,1630.9,2023-01-01,0.497,0.052,0.463,0.5,Sentinel-2
PR-0099,Campo Mourão,PR,algodão,1630.9,2023-01-31,0.484,0.083,0.452,3.3,Sentinel-2
PR-0099,Campo Mourão,PR,algodão,1630.9,2023-03-02,0.486,0.077,0.437,1.7,Sentinel-2
PR-0099,Campo Mourão,PR,algodão,1630.9,2023-04-01,0.753,0.086,0.679,2.9,Sentinel-2
PR-0099,Campo Mourão,PR,algodão,1630.9,2023-05-01,0.648,0.035,0.563,16.8,Sentinel-2
PR-0099,Campo Mourão,PR,algodão,1630.9,2023-05-31,0.575,0.034,0.527,2.9,Sentinel-2
PR-0099,Campo Mourão,PR,algodão,1630.9,2023-06-30,0.44,0.058,0.379,1.8,Sentinel-2
PR-0099,Campo Mourão,PR,algodão,1630.9,2023-07-30,0.546,0.08,0.488,12.8,Sentinel-2
PR-0099,Campo Mourão,PR,algodão,1630.9,2023-08-29,0.582,0.053,0.494,16.6,Sentinel-2
PR-0099,Campo Mourão,PR,algodão,1630.9,2023-09-28,0.726,0.053,0.648,11.7,Sentinel-2
PR-0099,Campo Mourão,PR,algodão,1630.9,2023-10-28,0.901,0.093,0.721,1.8,Sentinel-2
PR-0099,Campo Mourão,PR,algodão,1630.9,2023-11-27,0.559,0.079,0.491,16.0,Sentinel-2
PR-0100,Toledo,PR,soja,967.4,2023-01-01,0.668,0.035,0.601,0.4,Sentinel-2
PR-0100,Toledo,PR,soja,967.4,2023-01-31,0.778,0.031,0.673,3.0,Sentinel-2
PR-0100,Toledo,PR,soja,967.4,2023-03-02,0.644,0.052,0.574,1.7,Sentinel-2
PR-0100,Toledo,PR,soja,967.4,2023-04-01,0.665,0.057,0.596,4.7,Sentinel-2
PR-0100,Toledo,PR,soja,967.4,2023-05-01,0.682,0.068,0.593,7.8,Sentinel-2
PR-0100,Toledo,PR,soja,967.4,2023-05-31,0.657,0.046,0.571,3.5,Sentinel-2
PR-0100,Toledo,PR,soja,967.4,2023-06-30,0.617,0.07,0.532,2.2,Sentinel-2
PR-0100,Toledo,PR,soja,967.4,2023-07-30,0.562,0.085,0.501,3.3,Sentinel-2
PR-0100,Toledo,PR,soja,967.4,2023-08-29,0.59,0.064,0.484,0.9,Sentinel-2
PR-0100,Toledo,PR,soja,967.4,2023-09-28,0.747,0.08,0.657,1.6,Sentinel-2
PR-0100,Toledo,PR,soja,967.4,2023-10-28,0.61,0.045,0.546,7.7,Sentinel-2
PR-0100,Toledo,PR,soja,967.4,2023-11-27,0.587,0.046,0.545,10.0,Sentinel-2
PR-0101,Ponta Grossa,PR,soja,2922.4,2023-01-01,0.53,0.056,0.471,0.8,Sentinel-2
PR-0101,Ponta Grossa,PR,soja,2922.4,2023-01-31,0.423,0.049,0.395,11.6,Sentinel-2
PR-0101,Ponta Grossa,PR,soja,2922.4,2023-03-02,0.331,0.069,0.315,2.4,Sentinel-2
PR-0101,Ponta Grossa,PR,soja,2922.4,2023-04-01,0.737,0.052,0.651,19.9,Sentinel-2
PR-0101,Ponta Grossa,PR,soja,2922.4,2023-05-01,0.394,0.095,0.332,0.5,Sentinel-2
PR-0101,Ponta Grossa,PR,soja,2922.4,2023-05-31,0.593,0.077,0.531,15.0,Sentinel-2
PR-0101,Ponta Grossa,PR,soja,2922.4,2023-06-30,0.471,0.078,0.389,4.2,Sentinel-2
PR-0101,Ponta Grossa,PR,soja,2922.4,2023-07-30,0.436,0.058,0.37,6.5,Sentinel-2
PR-0101,Ponta Grossa,PR,soja,2922.4,2023-08-29,0.567,0.067,0.467,2.2,Sentinel-2
PR-0101,Ponta Grossa,PR,soja,2922.4,2023-09-28,0.602,0.06,0.536,5.3,Sentinel-2
PR-0101,Ponta Grossa,PR,soja,2922.4,2023-10-28,0.633,0.066,0.543,31.4,Sentinel-2
PR-0101,Ponta Grossa,PR,soja,2922.4,2023-11-27,0.47,0.043,0.402,9.5,Sentinel-2
PR-0102,Marechal Cândido Rondon,PR,soja,2231.1,2023-01-01,0.496,0.052,0.417,0.8,Sentinel-2
PR-0102,Marechal Cândido Rondon,PR,soja,2231.1,2023-01-31,0.42,0.044,0.371,4.2,Sentinel-2
PR-0102,Marechal Cândido Rondon,PR,soja,2231.1,2023-03-02,0.346,0.042,0.271,3.2,Sentinel-2
PR-0102,Marechal Cândido Rondon,PR,soja,2231.1,2023-04-01,0.365,0.056,0.312,2.0,Sentinel-2
PR-0102,Marechal Cândido Rondon,PR,soja,2231.1,2023-05-01,0.475,0.08,0.414,11.3,Sentinel-2
PR-0102,Marechal Cândido Rondon,PR,soja,2231.1,2023-05-31,0.208,0.048,0.162,2.8,Sentinel-2
PR-0102,Marechal Cândido Rondon,PR,soja,2231.1,2023-06-30,0.309,0.046,0.28,2.9,Sentinel-2
PR-0102,Marechal Cândido Rondon,PR,soja,2231.1,2023-07-30,0.587,0.068,0.482,20.1,Sentinel-2
PR-0102,Marechal Cândido Rondon,PR,soja,2231.1,2023-08-29,0.537,0.048,0.519,7.0,Sentinel-2
PR-0102,Marechal Cândido Rondon,PR,soja,2231.1,2023-09-28,0.315,0.042,0.259,15.1,Sentinel-2
PR-0102,Marechal Cândido Rondon,PR,soja,2231.1,2023-10-28,0.492,0.054,0.47,0.0,Sentinel-2
PR-0102,Marechal Cândido Rondon,PR,soja,2231.1,2023-11-27,0.317,0.01,0.256,0.9,Sentinel-2
PR-0103,Umuarama,PR,soja,744.0,2023-01-01,0.401,0.071,0.334,6.3,Sentinel-2
PR-0103,Umuarama,PR,soja,744.0,2023-01-31,0.536,0.048,0.447,1.7,Sentinel-2
PR-0103,Umuarama,PR,soja,744.0,2023-03-02,0.3,0.09,0.267,47.8,Sentinel-2
PR-0103,Umuarama,PR,soja,744.0,2023-04-01,0.421,0.055,0.357,0.6,Sentinel-2
PR-0103,Umuarama,PR,soja,744.0,2023-05-01,0.549,0.063,0.456,37.0,Sentinel-2
PR-0103,Umuarama,PR,soja,744.0,2023-05-31,0.399,0.085,0.362,4.3,Sentinel-2
PR-0103,Umuarama,PR,soja,744.0,2023-06-30,0.22,0.07,0.175,1.6,Sentinel-2
PR-0103,Umuarama,PR,soja,744.0,2023-07-30,0.326,0.035,0.282,4.8,Sentinel-2
PR-0103,Umuarama,PR,soja,744.0,2023-08-29,0.351,0.07,0.284,15.0,Sentinel-2
PR-0103,Umuarama,PR,soja,744.0,2023-09-28,0.39,0.062,0.363,4.2,Sentinel-2
PR-0103,Umuarama,PR,soja,744.0,2023-10-28,0.378,0.055,0.355,9.8,Sentinel-2
PR-0103,Umuarama,PR,soja,744.0,2023-11-27,0.452,0.077,0.408,9.4,Sentinel-2
PR-0104,Marechal Cândido Rondon,PR,algodão,2951.6,2023-01-01,0.549,0.062,0.484,5.1,Sentinel-2
PR-0104,Marechal Cândido Rondon,PR,algodão,2951.6,2023-01-31,0.564,0.057,0.44,0.7,Sentinel-2
PR-0104,Marechal Cândido Rondon,PR,algodão,2951.6,2023-03-02,0.445,0.033,0.384,3.4,Sentinel-2
PR-0104,Marechal Cândido Rondon,PR,algodão,2951.6,2023-04-01,0.64,0.064,0.534,5.8,Sentinel-2
PR-0104,Marechal Cândido Rondon,PR,algodão,2951.6,2023-05-01,0.312,0.066,0.227,12.8,Sentinel-2
PR-0104,Marechal Cândido Rondon,PR,algodão,2951.6,2023-05-31,0.677,0.059,0.595,20.5,Sentinel-2
PR-0104,Marechal Cândido Rondon,PR,algodão,2951.6,2023-06-30,0.519,0.028,0.445,5.1,Sentinel-2
PR-0104,Marechal Cândido Rondon,PR,algodão,2951.6,2023-07-30,0.502,0.063,0.442,37.1,Sentinel-2
PR-0104,Marechal Cândido Rondon,PR,algodão,2951.6,2023-08-29,0.586,0.034,0.508,5.6,Sentinel-2
PR-0104,Marechal Cândido Rondon,PR,algodão,2951.6,2023-09-28,0.653,0.07,0.555,1.1,Sentinel-2
PR-0104,Marechal Cândido Rondon,PR,algodão,2951.6,2023-10-28,0.55,0.099,0.488,1.5,Sentinel-2
PR-0104,Marechal Cândido Rondon,PR,algodão,2951.6,2023-11-27,0.606,0.05,0.521,4.7,Sentinel-2
PR-0105,Marechal Cândido Rondon,PR,trigo,2358.5,2023-01-01,0.454,0.063,0.407,0.7,Sentinel-2
PR-0105,Marechal Cândido Rondon,PR,trigo,2358.5,2023-01-31,0.573,0.089,0.535,1.3,Sentinel-2
PR-0105,Marechal Cândido Rondon,PR,trigo,2358.5,2023-03-02,0.301,0.062,0.263,4.6,Sentinel-2
PR-0105,Marechal Cândido Rondon,PR,trigo,2358.5,2023-04-01,0.57,0.051,0.485,10.6,Sentinel-2
PR-0105,Marechal Cândido Rondon,PR,trigo,2358.5,2023-05-01,0.481,0.084,0.419,1.5,Sentinel-2
PR-0105,Marechal Cândido Rondon,PR,trigo,2358.5,2023-05-31,0.515,0.046,0.458,11.0,Sentinel-2
PR-0105,Marechal Cândido Rondon,PR,trigo,2358.5,2023-06-30,0.572,0.035,0.475,5.1,Sentinel-2
PR-0105,Marechal Cândido Rondon,PR,trigo,2358.5,2023-07-30,0.688,0.085,0.63,0.1,Sentinel-2
PR-0105,Marechal Cândido Rondon,PR,trigo,2358.5,2023-08-29,0.678,0.05,0.567,9.2,Sentinel-2
PR-0105,Marechal Cândido Rondon,PR,trigo,2358.5,2023-09-28,0.397,0.103,0.357,8.1,Sentinel-2
PR-0105,Marechal Cândido Rondon,PR,trigo,2358.5,2023-10-28,0.763,0.054,0.698,3.3,Sentinel-2
PR-0105,Marechal Cândido Rondon,PR,trigo,2358.5,2023-11-27,0.543,0.059,0.481,8.5,Sentinel-2
PR-0106,Londrina,PR,cana-de-açúcar,2330.8,2023-01-01,0.738,0.033,0.648,9.4,Sentinel-2
PR-0106,Londrina,PR,cana-de-açúcar,2330.8,2023-01-31,0.827,0.071,0.742,8.9,Sentinel-2
PR-0106,Londrina,PR,cana-de-açúcar,2330.8,2023-03-02,0.757,0.057,0.666,4.7,Sentinel-2
PR-0106,Londrina,PR,cana-de-açúcar,2330.8,2023-04-01,0.774,0.063,0.69,1.7,Sentinel-2
PR-0106,Londrina,PR,cana-de-açúcar,2330.8,2023-05-01,0.709,0.061,0.644,14.4,Sentinel-2
PR-0106,Londrina,PR,cana-de-açúcar,2330.8,2023-05-31,0.62,0.087,0.531,9.9,Sentinel-2
PR-0106,Londrina,PR,cana-de-açúcar,2330.8,2023-06-30,0.799,0.087,0.715,18.4,Sentinel-2
PR-0106,Londrina,PR,cana-de-açúcar,2330.8,2023-07-30,0.766,0.012,0.645,18.1,Sentinel-2
PR-0106,Londrina,PR,cana-de-açúcar,2330.8,2023-08-29,0.647,0.046,0.517,8.1,Sentinel-2
PR-0106,Londrina,PR,cana-de-açúcar,2330.8,2023-09-28,0.794,0.074,0.683,4.5,Sentinel-2
PR-0106,Londrina,PR,cana-de-açúcar,2330.8,2023-10-28,0.877,0.04,0.757,0.6,Sentinel-2
PR-0106,Londrina,PR,cana-de-açúcar,2330.8,2023-11-27,0.798,0.063,0.675,3.2,Sentinel-2
PR-0107,Cascavel,PR,trigo,2869.0,2023-01-01,0.668,0.067,0.595,4.0,Sentinel-2
PR-0107,Cascavel,PR,trigo,2869.0,2023-01-31,0.641,0.054,0.55,6.2,Sentinel-2
PR-0107,Cascavel,PR,trigo,2869.0,2023-03-02,0.512,0.072,0.463,2.4,Sentinel-2
PR-0107,Cascavel,PR,trigo,2869.0,2023-04-01,0.724,0.067,0.631,10.4,Sentinel-2
PR-0107,Cascavel,PR,trigo,2869.0,2023-05-01,0.574,0.056,0.47,0.0,Sentinel-2
PR-0107,Cascavel,PR,trigo,2869.0,2023-05-31,0.572,0.079,0.503,1.3,Sentinel-2
PR-0107,Cascavel,PR,trigo,2869.0,2023-06-30,0.517,0.077,0.481,11.8,Sentinel-2
PR-0107,Cascavel,PR,trigo,2869.0,2023-07-30,0.574,0.04,0.502,10.4,Sentinel-2
PR-0107,Cascavel,PR,trigo,2869.0,2023-08-29,0.586,0.053,0.513,9.4,Sentinel-2
PR-0107,Cascavel,PR,trigo,2869.0,2023-09-28,0.757,0.062,0.649,6.1,Sentinel-2
PR-0107,Cascavel,PR,trigo,2869.0,2023-10-28,0.749,0.059,0.649,46.5,Sentinel-2
PR-0107,Cascavel,PR,trigo,2869.0,2023-11-27,0.685,0.049,0.581,15.4,Sentinel-2
PR-0108,Campo Mourão,PR,soja,2531.5,2023-01-01,0.683,0.05,0.613,1.7,Sentinel-2
PR-0108,Campo Mourão,PR,soja,2531.5,2023-01-31,0.744,0.046,0.607,8.0,Sentinel-2
PR-0108,Campo Mourão,PR,soja,2531.5,2023-03-02,0.693,0.067,0.581,1.2,Sentinel-2
PR-0108,Campo Mourão,PR,soja,2531.5,2023-04-01,0.599,0.071,0.551,7.2,Sentinel-2
PR-0108,Campo Mourão,PR,soja,2531.5,2023-05-01,0.604,0.06,0.509,6.1,Sentinel-2
PR-0108,Campo Mourão,PR,soja,2531.5,2023-05-31,0.618,0.071,0.519,43.8,Sentinel-2
PR-0108,Campo Mourão,PR,soja,2531.5,2023-06-30,0.673,0.062,0.587,1.0,Sentinel-2
PR-0108,Campo Mourão,PR,soja,2531.5,2023-07-30,0.611,0.07,0.504,4.9,Sentinel-2
PR-0108,Campo Mourão,PR,soja,2531.5,2023-08-29,0.551,0.023,0.495,20.7,Sentinel-2
PR-0108,Campo Mourão,PR,soja,2531.5,2023-09-28,0.826,0.071,0.721,8.5,Sentinel-2
PR-0108,Campo Mourão,PR,soja,2531.5,2023-10-28,0.5,0.068,0.465,1.1,Sentinel-2
PR-0108,Campo Mourão,PR,soja,2531.5,2023-11-27,0.764,0.063,0.67,2.9,Sentinel-2
PR-0109,Toledo,PR,cana-de-açúcar,1853.1,2023-01-01,0.653,0.074,0.588,7.6,Sentinel-2
PR-0109,Toledo,PR,cana-de-açúcar,1853.1,2023-01-31,0.58,0.072,0.509,3.3,Sentinel-2
PR-0109,Toledo,PR,cana-de-açúcar,1853.1,2023-03-02,0.576,0.032,0.493,9.2,Sentinel-2
PR-0109,Toledo,PR,cana-de-açúcar,1853.1,2023-04-01,0.526,0.043,0.453,26.7,Sentinel-2
PR-0109,Toledo,PR,cana-de-açúcar,1853.1,2023-05-01,0.426,0.066,0.374,2.6,Sentinel-2
PR-0109,Toledo,PR,cana-de-açúcar,1853.1,2023-05-31,0.449,0.061,0.378,3.7,Sentinel-2
PR-0109,Toledo,PR,cana-de-açúcar,1853.1,2023-06-30,0.454,0.073,0.386,12.5,Sentinel-2
PR-0109,Toledo,PR,cana-de-açúcar,1853.1,2023-07-30,0.396,0.047,0.33,1.4,Sentinel-2
PR-0109,Toledo,PR,cana-de-açúcar,1853.1,2023-08-29,0.447,0.054,0.434,9.8,Sentinel-2
PR-0109,Toledo,PR,cana-de-açúcar,1853.1,2023-09-28,0.509,0.046,0.434,9.5,Sentinel-2
PR-0109,Toledo,PR,cana-de-açúcar,1853.1,2023-10-28,0.527,0.038,0.466,2.5,Sentinel-2
PR-0109,Toledo,PR,cana-de-açúcar,1853.1,2023-11-27,0.536,0.046,0.471,1.5,Sentinel-2
PR-0110,Cascavel,PR,algodão,581.0,2023-01-01,0.407,0.054,0.362,4.3,Sentinel-2
PR-0110,Cascavel,PR,algodão,581.0,2023-01-31,0.352,0.048,0.302,34.5,Sentinel-2
PR-0110,Cascavel,PR,algodão,581.0,2023-03-02,0.629,0.056,0.585,5.7,Sentinel-2
PR-0110,Cascavel,PR,algodão,581.0,2023-04-01,0.16,0.033,0.145,1.9,Sentinel-2
PR-0110,Cascavel,PR,algodão,581.0,2023-05-01,0.43,0.063,0.397,19.4,Sentinel-2
PR-0110,Cascavel,PR,algodão,581.0,2023-05-31,0.572,0.048,0.498,20.5,Sentinel-2
PR-0110,Cascavel,PR,algodão,581.0,2023-06-30,0.487,0.066,0.427,7.7,Sentinel-2
PR-0110,Cascavel,PR,algodão,581.0,2023-07-30,0.466,0.077,0.391,0.9,Sentinel-2
PR-0110,Cascavel,PR,algodão,581.0,2023-08-29,0.523,0.068,0.457,5.8,Sentinel-2
PR-0110,Cascavel,PR,algodão,581.0,2023-09-28,0.476,0.073,0.421,4.7,Sentinel-2
PR-0110,Cascavel,PR,algodão,581.0,2023-10-28,0.331,0.05,0.287,2.1,Sentinel-2
PR-0110,Cascavel,PR,algodão,581.0,2023-11-27,0.172,0.071,0.159,2.2,Sentinel-2
PR-0111,Londrina,PR,milho,1157.8,2023-01-01,0.822,0.072,0.736,1.9,Sentinel-2
PR-0111,Londrina,PR,milho,1157.8,2023-01-31,0.723,0.05,0.621,3.7,Sentinel-2
PR-0111,Londrina,PR,milho,1157.8,2023-03-02,0.604,0.063,0.515,3.3,Sentinel-2
PR-0111,Londrina,PR,milho,1157.8,2023-04-01,0.754,0.085,0.661,2.6,Sentinel-2
PR-0111,Londrina,PR,milho,1157.8,2023-05-01,0.703,0.074,0.582,2.0,Sentinel-2
PR-0111,Londrina,PR,milho,1157.8,2023-05-31,0.7,0.057,0.62,12.7,Sentinel-2
PR-0111,Londrina,PR,milho,1157.8,2023-06-30,0.849,0.047,0.717,2.1,Sentinel-2
PR-0111,Londrina,PR,milho,1157.8,2023-07-30,0.528,0.039,0.472,15.9,Sentinel-2
PR-0111,Londrina,PR,milho,1157.8,2023-08-29,0.628,0.082,0.543,4.5,Sentinel-2
PR-0111,Londrina,PR,milho,1157.8,2023-09-28,0.685,0.071,0.585,4.6,Sentinel-2
PR-0111,Londrina,PR,milho,1157.8,2023-10-28,0.727,0.105,0.675,18.3,Sentinel-2
PR-0111,Londrina,PR,milho,1157.8,2023-11-27,0.592,0.055,0.518,37.9,Sentinel-2
PR-0112,Ponta Grossa,PR,soja,1305.8,2023-01-01,0.393,0.065,0.351,2.2,Sentinel-2
PR-0112,Ponta Grossa,PR,soja,1305.8,2023-01-31,0.471,0.057,0.409,10.5,Sentinel-2
PR-0112,Ponta Grossa,PR,soja,1305.8,2023-03-02,0.621,0.057,0.532,0.8,Sentinel-2
PR-0112,Ponta Grossa,PR,soja,1305.8,2023-04-01,0.709,0.043,0.619,9.7,Sentinel-2
PR-0112,Ponta Grossa,PR,soja,1305.8,2023-05-01,0.594,0.034,0.539,11.8,Sentinel-2
PR-0112,Ponta Grossa,PR,soja,1305.8,2023-05-31,0.507,0.074,0.426,12.5,Sentinel-2
PR-0112,Ponta Grossa,PR,soja,1305.8,2023-06-30,0.413,0.076,0.333,0.6,Sentinel-2
PR-0112,Ponta Grossa,PR,soja,1305.8,2023-07-30,0.342,0.074,0.287,0.3,Sentinel-2
PR-0112,Ponta Grossa,PR,soja,1305.8,2023-08-29,0.419,0.067,0.388,12.7,Sentinel-2
PR-0112,Ponta Grossa,PR,soja,1305.8,2023-09-28,0.528,0.062,0.452,17.0,Sentinel-2
PR-0112,Ponta Grossa,PR,soja,1305.8,2023-10-28,0.567,0.053,0.522,17.5,Sentinel-2
PR-0112,Ponta Grossa,PR,soja,1305.8,2023-11-27,0.52,0.075,0.464,7.7,Sentinel-2
PR-0113,Campo Mourão,PR,trigo,567.0,2023-01-01,0.361,0.035,0.315,3.3,Sentinel-2
PR-0113,Campo Mourão,PR,trigo,567.0,2023-01-31,0.341,0.032,0.289,10.7,Sentinel-2
PR-0113,Campo Mourão,PR,trigo,567.0,2023-03-02,0.403,0.02,0.341,11.4,Sentinel-2
PR-0113,Campo Mourão,PR,trigo,567.0,2023-04-01,0.224,0.042,0.234,5.6,Sentinel-2
PR-0113,Campo Mourão,PR,trigo,567.0,2023-05-01,0.287,0.063,0.235,5.6,Sentinel-2
PR-0113,Campo Mourão,PR,trigo,567.0,2023-05-31,0.407,0.071,0.334,6.1,Sentinel-2
PR-0113,Campo Mourão,PR,trigo,567.0,2023-06-30,0.428,0.022,0.354,8.9,Sentinel-2
PR-0113,Campo Mourão,PR,trigo,567.0,2023-07-30,0.351,0.041,0.254,17.2,Sentinel-2
PR-0113,Campo Mourão,PR,trigo,567.0,2023-08-29,0.406,0.098,0.37,1.6,Sentinel-2
PR-0113,Campo Mourão,PR,trigo,567.0,2023-09-28,0.457,0.068,0.396,1.4,Sentinel-2
PR-0113,Campo Mourão,PR,trigo,567.0,2023-10-28,0.447,0.067,0.397,24.3,Sentinel-2
PR-0113,Campo Mourão,PR,trigo,567.0,2023-11-27,0.46,0.081,0.403,9.2,Sentinel-2
PR-0114,Marechal Cândido Rondon,PR,cana-de-açúcar,1072.8,2023-01-01,0.599,0.056,0.522,13.0,Sentinel-2
PR-0114,Marechal Cândido Rondon,PR,cana-de-açúcar,1072.8,2023-01-31,0.618,0.072,0.516,3.3,Sentinel-2
PR-0114,Marechal Cândido Rondon,PR,cana-de-açúcar,1072.8,2023-03-02,0.484,0.046,0.427,8.8,Sentinel-2
PR-0114,Marechal Cândido Rondon,PR,cana-de-açúcar,1072.8,2023-04-01,0.499,0.035,0.429,4.9,Sentinel-2
PR-0114,Marechal Cândido Rondon,PR,cana-de-açúcar,1072.8,2023-05-01,0.345,0.042,0.287,2.1,Sentinel-2
PR-0114,Marechal Cândido Rondon,PR,cana-de-açúcar,1072.8,2023-05-31,0.669,0.049,0.594,14.9,Sentinel-2
PR-0114,Marechal Cândido Rondon,PR,cana-de-açúcar,1072.8,2023-06-30,0.564,0.073,0.517,1.4,Sentinel-2
PR-0114,Marechal Cândido Rondon,PR,cana-de-açúcar,1072.8,2023-07-30,0.486,0.048,0.42,1.5,Sentinel-2
PR-0114,Marechal Cândido Rondon,PR,cana-de-açúcar,1072.8,2023-08-29,0.469,0.018,0.411,1.0,Sentinel-2
PR-0114,Marechal Cândido Rondon,PR,cana-de-açúcar,1072.8,2023-09-28,0.549,0.086,0.476,4.7,Sentinel-2
PR-0114,Marechal Cândido Rondon,PR,cana-de-açúcar,1072.8,2023-10-28,0.558,0.07,0.478,30.5,Sentinel-2
PR-0114,Marechal Cândido Rondon,PR,cana-de-açúcar,1072.8,2023-11-27,0.472,0.073,0.428,29.7,Sentinel-2
PR-0115,Ponta Grossa,PR,trigo,408.4,2023-01-01,0.543,0.073,0.486,3.1,Sentinel-2
PR-0115,Ponta Grossa,PR,trigo,408.4,2023-01-31,0.746,0.093,0.65,29.7,Sentinel-2
PR-0115,Ponta Grossa,PR,trigo,408.4,2023-03-02,0.566,0.087,0.476,23.1,Sentinel-2
PR-0115,Ponta Grossa,PR,trigo,408.4,2023-04-01,0.665,0.086,0.575,1.3,Sentinel-2
PR-0115,Ponta Grossa,PR,trigo,408.4,2023-05-01,0.35,0.043,0.276,10.5,Sentinel-2
PR-0115,Ponta Grossa,PR,trigo,408.4,2023-05-31,0.63,0.069,0.542,6.4,Sentinel-2
PR-0115,Ponta Grossa,PR,trigo,408.4,2023-06-30,0.53,0.079,0.473,0.8,Sentinel-2
PR-0115,Ponta Grossa,PR,trigo,408.4,2023-07-30,0.469,0.087,0.418,7.0,Sentinel-2
PR-0115,Ponta Grossa,PR,trigo,408.4,2023-08-29,0.615,0.106,0.534,6.2,Sentinel-2
PR-0115,Ponta Grossa,PR,trigo,408.4,2023-09-28,0.673,0.032,0.596,0.7,Sentinel-2
PR-0115,Ponta Grossa,PR,trigo,408.4,2023-10-28,0.578,0.059,0.491,23.0,Sentinel-2
PR-0115,Ponta Grossa,PR,trigo,408.4,2023-11-27,0.787,0.076,0.674,1.3,Sentinel-2
PR-0116,Londrina,PR,trigo,1189.0,2023-01-01,0.628,0.078,0.587,0.7,Sentinel-2
PR-0116,Londrina,PR,trigo,1189.0,2023-01-31,0.618,0.057,0.517,39.2,Sentinel-2
PR-0116,Londrina,PR,trigo,1189.0,2023-03-02,0.68,0.044,0.61,4.4,Sentinel-2
PR-0116,Londrina,PR,trigo,1189.0,2023-04-01,0.376,0.069,0.32,7.1,Sentinel-2
PR-0116,Londrina,PR,trigo,1189.0,2023-05-01,0.634,0.067,0.512,34.5,Sentinel-2
PR-0116,Londrina,PR,trigo,1189.0,2023-05-31,0.605,0.106,0.547,11.3,Sentinel-2
PR-0116,Londrina,PR,trigo,1189.0,2023-06-30,0.666,0.071,0.597,6.5,Sentinel-2
PR-0116,Londrina,PR,trigo,1189.0,2023-07-30,0.512,0.052,0.413,1.2,Sentinel-2
PR-0116,Londrina,PR,trigo,1189.0,2023-08-29,0.612,0.078,0.527,14.0,Sentinel-2
PR-0116,Londrina,PR,trigo,1189.0,2023-09-28,0.639,0.069,0.541,6.6,Sentinel-2
PR-0116,Londrina,PR,trigo,1189.0,2023-10-28,0.625,0.061,0.559,25.0,Sentinel-2
PR-0116,Londrina,PR,trigo,1189.0,2023-11-27,0.651,0.071,0.547,8.5,Sentinel-2
PR-0117,Umuarama,PR,cana-de-açúcar,579.1,2023-01-01,0.901,0.066,0.731,7.3,Sentinel-2
PR-0117,Umuarama,PR,cana-de-açúcar,579.1,2023-01-31,0.76,0.045,0.679,4.6,Sentinel-2
PR-0117,Umuarama,PR,cana-de-açúcar,579.1,2023-03-02,0.743,0.09,0.683,3.7,Sentinel-2
PR-0117,Umuarama,PR,cana-de-açúcar,579.1,2023-04-01,0.723,0.06,0.625,2.4,Sentinel-2
PR-0117,Umuarama,PR,cana-de-açúcar,579.1,2023-05-01,0.626,0.054,0.515,3.5,Sentinel-2
PR-0117,Umuarama,PR,cana-de-açúcar,579.1,2023-05-31,0.704,0.078,0.618,8.1,Sentinel-2
PR-0117,Umuarama,PR,cana-de-açúcar,579.1,2023-06-30,0.697,0.058,0.599,0.6,Sentinel-2
PR-0117,Umuarama,PR,cana-de-açúcar,579.1,2023-07-30,0.794,0.07,0.717,11.6,Sentinel-2
PR-0117,Umuarama,PR,cana-de-açúcar,579.1,2023-08-29,0.626,0.053,0.537,14.9,Sentinel-2
PR-0117,Umuarama,PR,cana-de-açúcar,579.1,2023-09-28,0.82,0.065,0.699,9.6,Sentinel-2
PR-0117,Umuarama,PR,cana-de-açúcar,579.1,2023-10-28,0.678,0.079,0.583,1.2,Sentinel-2
PR-0117,Umuarama,PR,cana-de-açúcar,579.1,2023-11-27,0.79,0.053,0.722,4.2,Sentinel-2
PR-0118,Marechal Cândido Rondon,PR,soja,692.7,2023-01-01,0.482,0.073,0.441,14.2,Sentinel-2
PR-0118,Marechal Cândido Rondon,PR,soja,692.7,2023-01-31,0.387,0.036,0.333,6.4,Sentinel-2
PR-0118,Marechal Cândido Rondon,PR,soja,692.7,2023-03-02,0.472,0.05,0.403,13.7,Sentinel-2
PR-0118,Marechal Cândido Rondon,PR,soja,692.7,2023-04-01,0.48,0.08,0.407,3.0,Sentinel-2
PR-0118,Marechal Cândido Rondon,PR,soja,692.7,2023-05-01,0.27,0.088,0.256,11.5,Sentinel-2
PR-0118,Marechal Cândido Rondon,PR,soja,692.7,2023-05-31,0.304,0.043,0.291,0.2,Sentinel-2
PR-0118,Marechal Cândido Rondon,PR,soja,692.7,2023-06-30,0.418,0.047,0.371,2.1,Sentinel-2
PR-0118,Marechal Cândido Rondon,PR,soja,692.7,2023-07-30,0.347,0.067,0.309,0.7,Sentinel-2
PR-0118,Marechal Cândido Rondon,PR,soja,692.7,2023-08-29,0.326,0.027,0.314,11.3,Sentinel-2
PR-0118,Marechal Cândido Rondon,PR,soja,692.7,2023-09-28,0.551,0.069,0.482,12.6,Sentinel-2
PR-0118,Marechal Cândido Rondon,PR,soja,692.7,2023-10-28,0.435,0.059,0.39,0.5,Sentinel-2
PR-0118,Marechal Cândido Rondon,PR,soja,692.7,2023-11-27,0.522,0.043,0.425,12.2,Sentinel-2
PR-0119,Guarapuava,PR,milho,1783.4,2023-01-01,0.724,0.077,0.663,22.8,Sentinel-2
PR-0119,Guarapuava,PR,milho,1783.4,2023-01-31,0.805,0.078,0.695,1.4,Sentinel-2
PR-0119,Guarapuava,PR,milho,1783.4,2023-03-02,0.486,0.06,0.424,0.8,Sentinel-2
PR-0119,Guarapuava,PR,milho,1783.4,2023-04-01,0.836,0.057,0.726,2.0,Sentinel-2
PR-0119,Guarapuava,PR,milho,1783.4,2023-05-01,0.635,0.075,0.573,29.1,Sentinel-2
PR-0119,Guarapuava,PR,milho,1783.4,2023-05-31,0.514,0.071,0.455,5.6,Sentinel-2
PR-0119,Guarapuava,PR,milho,1783.4,2023-06-30,0.57,0.042,0.478,25.3,Sentinel-2
PR-0119,Guarapuava,PR,milho,1783.4,2023-07-30,0.531,0.068,0.479,3.8,Sentinel-2
PR-0119,Guarapuava,PR,milho,1783.4,2023-08-29,0.619,0.074,0.583,1.1,Sentinel-2
PR-0119,Guarapuava,PR,milho,1783.4,2023-09-28,0.906,0.068,0.795,11.5,Sentinel-2
PR-0119,Guarapuava,PR,milho,1783.4,2023-10-28,0.637,0.035,0.571,1.0,Sentinel-2
PR-0119,Guarapuava,PR,milho,1783.4,2023-11-27,0.707,0.054,0.642,3.0,Sentinel-2
PR-0120,Maringá,PR,milho,1684.1,2023-01-01,0.806,0.058,0.728,13.0,Sentinel-2
PR-0120,Maringá,PR,milho,1684.1,2023-01-31,0.481,0.078,0.411,0.1,Sentinel-2
PR-0120,Maringá,PR,milho,1684.1,2023-03-02,0.598,0.033,0.501,9.0,Sentinel-2
PR-0120,Maringá,PR,milho,1684.1,2023-04-01,0.768,0.075,0.682,9.5,Sentinel-2
PR-0120,Maringá,PR,milho,1684.1,2023-05-01,0.795,0.055,0.701,3.6,Sentinel-2
PR-0120,Maringá,PR,milho,1684.1,2023-05-31,0.554,0.064,0.495,14.9,Sentinel-2
PR-0120,Maringá,PR,milho,1684.1,2023-06-30,0.528,0.068,0.438,11.6,Sentinel-2
PR-0120,Maringá,PR,milho,1684.1,2023-07-30,0.664,0.063,0.551,11.3,Sentinel-2
PR-0120,Maringá,PR,milho,1684.1,2023-08-29,0.691,0.015,0.582,24.0,Sentinel-2
PR-0120,Maringá,PR,milho,1684.1,2023-09-28,0.82,0.084,0.711,1.3,Sentinel-2
PR-0120,Maringá,PR,milho,1684.1,2023-10-28,0.621,0.063,0.526,22.8,Sentinel-2
PR-0120,Maringá,PR,milho,1684.1,2023-11-27,0.686,0.092,0.603,14.2,Sentinel-2
PR-0121,Maringá,PR,soja,2917.6,2023-01-01,0.5,0.049,0.426,11.4,Sentinel-2
PR-0121,Maringá,PR,soja,2917.6,2023-01-31,0.702,0.047,0.59,5.4,Sentinel-2
PR-0121,Maringá,PR,soja,2917.6,2023-03-02,0.489,0.064,0.401,6.3,Sentinel-2
PR-0121,Maringá,PR,soja,2917.6,2023-04-01,0.572,0.069,0.474,0.1,Sentinel-2
PR-0121,Maringá,PR,soja,2917.6,2023-05-01,0.517,0.01,0.457,4.8,Sentinel-2
PR-0121,Maringá,PR,soja,2917.6,2023-05-31,0.456,0.073,0.379,0.3,Sentinel-2
PR-0121,Maringá,PR,soja,2917.6,2023-06-30,0.555,0.086,0.491,1.4,Sentinel-2
PR-0121,Maringá,PR,soja,2917.6,2023-07-30,0.286,0.044,0.256,3.9,Sentinel-2
PR-0121,Maringá,PR,soja,2917.6,2023-08-29,0.501,0.034,0.411,6.2,Sentinel-2
PR-0121,Maringá,PR,soja,2917.6,2023-09-28,0.578,0.035,0.507,1.4,Sentinel-2
PR-0121,Maringá,PR,soja,2917.6,2023-10-28,0.643,0.065,0.543,9.0,Sentinel-2
PR-0121,Maringá,PR,soja,2917.6,2023-11-27,0.517,0.062,0.434,0.5,Sentinel-2
PR-0122,Guarapuava,PR,soja,428.2,2023-01-01,0.624,0.087,0.585,3.3,Sentinel-2
PR-0122,Guarapuava,PR,soja,428.2,2023-01-31,0.755,0.075,0.668,3.5,Sentinel-2
PR-0122,Guarapuava,PR,soja,428.2,2023-03-02,0.633,0.084,0.551,7.2,Sentinel-2
PR-0122,Guarapuava,PR,soja,428.2,2023-04-01,0.865,0.066,0.748,2.9,Sentinel-2
PR-0122,Guarapuava,PR,soja,428.2,2023-05-01,0.63,0.063,0.537,15.9,Sentinel-2
PR-0122,Guarapuava,PR,soja,428.2,2023-05-31,0.739,0.021,0.625,2.5,Sentinel-2
PR-0122,Guarapuava,PR,soja,428.2,2023-06-30,0.596,0.035,0.538,4.0,Sentinel-2
PR-0122,Guarapuava,PR,soja,428.2,2023-07-30,0.631,0.027,0.533,0.8,Sentinel-2
PR-0122,Guarapuava,PR,soja,428.2,2023-08-29,0.599,0.044,0.487,3.3,Sentinel-2
PR-0122,Guarapuava,PR,soja,428.2,2023-09-28,0.717,0.046,0.611,4.6,Sentinel-2
PR-0122,Guarapuava,PR,soja,428.2,2023-10-28,0.526,0.061,0.467,6.1,Sentinel-2
PR-0122,Guarapuava,PR,soja,428.2,2023-11-27,0.534,0.059,0.47,44.6,Sentinel-2
PR-0123,Londrina,PR,milho,1892.5,2023-01-01,0.648,0.034,0.551,6.7,Sentinel-2
PR-0123,Londrina,PR,milho,1892.5,2023-01-31,0.628,0.039,0.542,3.4,Sentinel-2
PR-0123,Londrina,PR,milho,1892.5,2023-03-02,0.878,0.077,0.747,8.7,Sentinel-2
PR-0123,Londrina,PR,milho,1892.5,2023-04-01,0.677,0.052,0.608,2.3,Sentinel-2
PR-0123,Londrina,PR,milho,1892.5,2023-05-01,0.422,0.057,0.328,7.9,Sentinel-2
PR-0123,Londrina,PR,milho,1892.5,2023-05-31,0.527,0.047,0.457,5.5,Sentinel-2
PR-0123,Londrina,PR,milho,1892.5,2023-06-30,0.481,0.028,0.433,8.1,Sentinel-2
PR-0123,Londrina,PR,milho,1892.5,2023-07-30,0.564,0.074,0.454,19.0,Sentinel-2
PR-0123,Londrina,PR,milho,1892.5,2023-08-29,0.777,0.047,0.689,5.0,Sentinel-2
PR-0123,Londrina,PR,milho,1892.5,2023-09-28,0.71,0.062,0.65,11.6,Sentinel-2
PR-0123,Londrina,PR,milho,1892.5,2023-10-28,0.749,0.043,0.68,8.0,Sentinel-2
PR-0123,Londrina,PR,milho,1892.5,2023-11-27,0.477,0.069,0.402,2.7,Sentinel-2
PR-0124,Marechal Cândido Rondon,PR,trigo,2076.2,2023-01-01,0.605,0.065,0.532,14.0,Sentinel-2
PR-0124,Marechal Cândido Rondon,PR,trigo,2076.2,2023-01-31,0.727,0.035,0.638,4.6,Sentinel-2
PR-0124,Marechal Cândido Rondon,PR,trigo,2076.2,2023-03-02,0.632,0.056,0.555,2.4,Sentinel-2
PR-0124,Marechal Cândido Rondon,PR,trigo,2076.2,2023-04-01,0.7,0.07,0.581,1.5,Sentinel-2
PR-0124,Marechal Cândido Rondon,PR,trigo,2076.2,2023-05-01,0.74,0.019,0.64,15.7,Sentinel-2
PR-0124,Marechal Cândido Rondon,PR,trigo,2076.2,2023-05-31,0.572,0.083,0.511,16.1,Sentinel-2
PR-0124,Marechal Cândido Rondon,PR,trigo,2076.2,2023-06-30,0.661,0.048,0.556,0.8,Sentinel-2
PR-0124,Marechal Cândido Rondon,PR,trigo,2076.2,2023-07-30,0.692,0.09,0.591,1.2,Sentinel-2
PR-0124,Marechal Cândido Rondon,PR,trigo,2076.2,2023-08-29,0.707,0.081,0.637,14.1,Sentinel-2
PR-0124,Marechal Cândido Rondon,PR,trigo,2076.2,2023-09-28,0.595,0.104,0.504,2.3,Sentinel-2
PR-0124,Marechal Cândido Rondon,PR,trigo,2076.2,2023-10-28,0.711,0.05,0.644,3.2,Sentinel-2
PR-0124,Marechal Cândido Rondon,PR,trigo,2076.2,2023-11-27,0.789,0.043,0.676,11.0,Sentinel-2
PR-0125,Palotina,PR,cana-de-açúcar,693.1,2023-01-01,0.858,0.107,0.732,7.1,Sentinel-2
PR-0125,Palotina,PR,cana-de-açúcar,693.1,2023-01-31,0.776,0.041,0.676,23.8,Sentinel-2
PR-0125,Palotina,PR,cana-de-açúcar,693.1,2023-03-02,0.712,0.079,0.598,16.9,Sentinel-2
PR-0125,Palotina,PR,cana-de-açúcar,693.1,2023-04-01,0.539,0.078,0.462,10.1,Sentinel-2
PR-0125,Palotina,PR,cana-de-açúcar,693.1,2023-05-01,0.678,0.056,0.617,14.7,Sentinel-2
PR-0125,Palotina,PR,cana-de-açúcar,693.1,2023-05-31,0.645,0.035,0.52,9.4,Sentinel-2
PR-0125,Palotina,PR,cana-de-açúcar,693.1,2023-06-30,0.686,0.046,0.581,25.5,Sentinel-2
PR-0125,Palotina,PR,cana-de-açúcar,693.1,2023-07-30,0.645,0.036,0.589,1.0,Sentinel-2
PR-0125,Palotina,PR,cana-de-açúcar,693.1,2023-08-29,0.789,0.031,0.653,4.0,Sentinel-2
PR-0125,Palotina,PR,cana-de-açúcar,693.1,2023-09-28,0.877,0.075,0.761,0.8,Sentinel-2
PR-0125,Palotina,PR,cana-de-açúcar,693.1,2023-10-28,0.779,0.047,0.688,19.8,Sentinel-2
PR-0125,Palotina,PR,cana-de-açúcar,693.1,2023-11-27,0.933,0.032,0.782,11.6,Sentinel-2
PR-0126,Londrina,PR,soja,858.4,2023-01-01,0.825,0.017,0.698,14.7,Sentinel-2
PR-0126,Londrina,PR,soja,858.4,2023-01-31,0.739,0.052,0.603,13.7,Sentinel-2
PR-0126,Londrina,PR,soja,858.4,2023-03-02,0.79,0.032,0.668,7.4,Sentinel-2
PR-0126,Londrina,PR,soja,858.4,2023-04-01,0.716,0.073,0.593,4.8,Sentinel-2
PR-0126,Londrina,PR,soja,858.4,2023-05-01,0.672,0.061,0.567,12.5,Sentinel-2
PR-0126,Londrina,PR,soja,858.4,2023-05-31,0.53,0.073,0.477,7.9,Sentinel-2
PR-0126,Londrina,PR,soja,858.4,2023-06-30,0.624,0.068,0.556,28.0,Sentinel-2
PR-0126,Londrina,PR,soja,858.4,2023-07-30,0.741,0.076,0.615,15.0,Sentinel-2
PR-0126,Londrina,PR,soja,858.4,2023-08-29,0.57,0.027,0.487,10.6,Sentinel-2
PR-0126,Londrina,PR,soja,858.4,2023-09-28,0.823,0.058,0.747,14.0,Sentinel-2
PR-0126,Londrina,PR,soja,858.4,2023-10-28,0.74,0.047,0.633,16.7,Sentinel-2
PR-0126,Londrina,PR,soja,858.4,2023-11-27,0.752,0.099,0.64,2.0,Sentinel-2
PR-0127,Cascavel,PR,algodão,1959.0,2023-01-01,0.893,0.03,0.787,1.5,Sentinel-2
PR-0127,Cascavel,PR,algodão,1959.0,2023-01-31,0.791,0.043,0.701,2.4,Sentinel-2
PR-0127,Cascavel,PR,algodão,1959.0,2023-03-02,0.706,0.07,0.623,10.1,Sentinel-2
PR-0127,Cascavel,PR,algodão,1959.0,2023-04-01,0.579,0.019,0.521,4.8,Sentinel-2
PR-0127,Cascavel,PR,algodão,1959.0,2023-05-01,0.49,0.051,0.423,15.8,Sentinel-2
PR-0127,Cascavel,PR,algodão,1959.0,2023-05-31,0.438,0.063,0.365,5.5,Sentinel-2
PR-0127,Cascavel,PR,algodão,1959.0,2023-06-30,0.695,0.089,0.552,2.7,Sentinel-2
PR-0127,Cascavel,PR,algodão,1959.0,2023-07-30,0.27,0.051,0.216,4.2,Sentinel-2
PR-0127,Cascavel,PR,algodão,1959.0,2023-08-29,0.585,0.073,0.507,19.0,Sentinel-2
PR-0127,Cascavel,PR,algodão,1959.0,2023-09-28,0.78,0.039,0.701,4.9,Sentinel-2
PR-0127,Cascavel,PR,algodão,1959.0,2023-10-28,0.669,0.061,0.569,9.3,Sentinel-2
PR-0127,Cascavel,PR,algodão,1959.0,2023-11-27,0.779,0.053,0.647,10.7,Sentinel-2
PR-0128,Umuarama,PR,soja,331.1,2023-01-01,0.939,0.075,0.799,7.5,Sentinel-2
PR-0128,Umuarama,PR,soja,331.1,2023-01-31,0.737,0.043,0.61,9.9,Sentinel-2
PR-0128,Umuarama,PR,soja,331.1,2023-03-02,0.724,0.058,0.61,30.4,Sentinel-2
PR-0128,Umuarama,PR,soja,331.1,2023-04-01,0.717,0.055,0.615,17.8,Sentinel-2
PR-0128,Umuarama,PR,soja,331.1,2023-05-01,0.701,0.063,0.621,3.3,Sentinel-2
PR-0128,Umuarama,PR,soja,331.1,2023-05-31,0.742,0.052,0.647,9.9,Sentinel-2
PR-0128,Umuarama,PR,soja,331.1,2023-06-30,0.569,0.066,0.474,5.5,Sentinel-2
PR-0128,Umuarama,PR,soja,331.1,2023-07-30,0.896,0.076,0.776,3.6,Sentinel-2
PR-0128,Umuarama,PR,soja,331.1,2023-08-29,0.445,0.078,0.384,20.9,Sentinel-2
PR-0128,Umuarama,PR,soja,331.1,2023-09-28,0.907,0.039,0.787,1.4,Sentinel-2
PR-0128,Umuarama,PR,soja,331.1,2023-10-28,0.71,0.037,0.642,20.5,Sentinel-2
PR-0128,Umuarama,PR,soja,331.1,2023-11-27,0.681,0.046,0.576,1.7,Sentinel-2
PR-0129,Cascavel,PR,milho,590.3,2023-01-01,0.518,0.091,0.39,21.0,Sentinel-2
PR-0129,Cascavel,PR,milho,590.3,2023-01-31,0.682,0.078,0.599,9.9,Sentinel-2
PR-0129,Cascavel,PR,milho,590.3,2023-03-02,0.391,0.062,0.363,1.1,Sentinel-2
PR-0129,Cascavel,PR,milho,590.3,2023-04-01,0.331,0.094,0.311,1.6,Sentinel-2
PR-0129,Cascavel,PR,milho,590.3,2023-05-01,0.52,0.081,0.447,7.0,Sentinel-2
PR-0129,Cascavel,PR,milho,590.3,2023-05-31,0.7,0.014,0.582,6.0,Sentinel-2
PR-0129,Cascavel,PR,milho,590.3,2023-06-30,0.338,0.051,0.324,9.0,Sentinel-2
PR-0129,Cascavel,PR,milho,590.3,2023-07-30,0.545,0.063,0.471,9.1,Sentinel-2
PR-0129,Cascavel,PR,milho,590.3,2023-08-29,0.399,0.042,0.306,14.5,Sentinel-2
PR-0129,Cascavel,PR,milho,590.3,2023-09-28,0.371,0.065,0.33,14.2,Sentinel-2
PR-0129,Cascavel,PR,milho,590.3,2023-10-28,0.459,0.041,0.425,0.0,Sentinel-2
PR-0129,Cascavel,PR,milho,590.3,2023-11-27,0.485,0.089,0.417,24.1,Sentinel-2
PR-0130,Campo Mourão,PR,algodão,431.5,2023-01-01,0.634,0.045,0.561,6.3,Sentinel-2
PR-0130,Campo Mourão,PR,algodão,431.5,2023-01-31,0.395,0.053,0.339,2.4,Sentinel-2
PR-0130,Campo Mourão,PR,algodão,431.5,2023-03-02,0.614,0.094,0.531,1.9,Sentinel-2
PR-0130,Campo Mourão,PR,algodão,431.5,2023-04-01,0.616,0.044,0.549,8.3,Sentinel-2
PR-0130,Campo Mourão,PR,algodão,431.5,2023-05-01,0.592,0.057,0.504,10.7,Sentinel-2
PR-0130,Campo Mourão,PR,algodão,431.5,2023-05-31,0.743,0.098,0.626,7.4,Sentinel-2
PR-0130,Campo Mourão,PR,algodão,431.5,2023-06-30,0.483,0.067,0.411,4.7,Sentinel-2
PR-0130,Campo Mourão,PR,algodão,431.5,2023-07-30,0.584,0.048,0.519,7.3,Sentinel-2
PR-0130,Campo Mourão,PR,algodão,431.5,2023-08-29,0.635,0.071,0.544,8.0,Sentinel-2
PR-0130,Campo Mourão,PR,algodão,431.5,2023-09-28,0.661,0.08,0.589,29.0,Sentinel-2
PR-0130,Campo Mourão,PR,algodão,431.5,2023-10-28,0.516,0.034,0.439,6.0,Sentinel-2
PR-0130,Campo Mourão,PR,algodão,431.5,2023-11-27,0.307,0.055,0.261,5.1,Sentinel-2
PR-0131,Toledo,PR,cana-de-açúcar,936.2,2023-01-01,0.719,0.045,0.626,6.7,Sentinel-2
PR-0131,Toledo,PR,cana-de-açúcar,936.2,2023-01-31,0.845,0.018,0.721,5.8,Sentinel-2
PR-0131,Toledo,PR,cana-de-açúcar,936.2,2023-03-02,0.657,0.059,0.541,13.4,Sentinel-2
PR-0131,Toledo,PR,cana-de-açúcar,936.2,2023-04-01,0.782,0.044,0.701,11.7,Sentinel-2
PR-0131,Toledo,PR,cana-de-açúcar,936.2,2023-05-01,0.817,0.063,0.677,14.8,Sentinel-2
PR-0131,Toledo,PR,cana-de-açúcar,936.2,2023-05-31,0.707,0.08,0.621,9.7,Sentinel-2
PR-0131,Toledo,PR,cana-de-açúcar,936.2,2023-06-30,0.614,0.09,0.535,13.2,Sentinel-2
PR-0131,Toledo,PR,cana-de-açúcar,936.2,2023-07-30,0.572,0.036,0.535,13.3,Sentinel-2
PR-0131,Toledo,PR,cana-de-açúcar,936.2,2023-08-29,0.679,0.068,0.606,9.0,Sentinel-2
PR-0131,Toledo,PR,cana-de-açúcar,936.2,2023-09-28,0.742,0.057,0.647,4.0,Sentinel-2
PR-0131,Toledo,PR,cana-de-açúcar,936.2,2023-10-28,0.881,0.062,0.747,8.6,Sentinel-2
PR-0131,Toledo,PR,cana-de-açúcar,936.2,2023-11-27,0.773,0.059,0.64,2.9,Sentinel-2
PR-0132,Guarapuava,PR,trigo,2087.5,2023-01-01,0.516,0.052,0.457,13.5,Sentinel-2
PR-0132,Guarapuava,PR,trigo,2087.5,2023-01-31,0.554,0.056,0.47,0.2,Sentinel-2
PR-0132,Guarapuava,PR,trigo,2087.5,2023-03-02,0.439,0.061,0.384,15.6,Sentinel-2
PR-0132,Guarapuava,PR,trigo,2087.5,2023-04-01,0.711,0.052,0.617,11.7,Sentinel-2
PR-0132,Guarapuava,PR,trigo,2087.5,2023-05-01,0.489,0.077,0.457,10.7,Sentinel-2
PR-0132,Guarapuava,PR,trigo,2087.5,2023-05-31,0.579,0.038,0.511,0.2,Sentinel-2
PR-0132,Guarapuava,PR,trigo,2087.5,2023-06-30,0.342,0.065,0.287,4.0,Sentinel-2
PR-0132,Guarapuava,PR,trigo,2087.5,2023-07-30,0.619,0.055,0.546,15.1,Sentinel-2
PR-0132,Guarapuava,PR,trigo,2087.5,2023-08-29,0.316,0.069,0.249,10.5,Sentinel-2
PR-0132,Guarapuava,PR,trigo,2087.5,2023-09-28,0.504,0.065,0.438,4.1,Sentinel-2
PR-0132,Guarapuava,PR,trigo,2087.5,2023-10-28,0.324,0.057,0.322,16.2,Sentinel-2
PR-0132,Guarapuava,PR,trigo,2087.5,2023-11-27,0.406,0.061,0.36,0.2,Sentinel-2
PR-0133,Guarapuava,PR,trigo,1682.1,2023-01-01,0.739,0.047,0.62,22.4,Sentinel-2
PR-0133,Guarapuava,PR,trigo,1682.1,2023-01-31,0.671,0.042,0.61,0.2,Sentinel-2
PR-0133,Guarapuava,PR,trigo,1682.1,2023-03-02,0.633,0.073,0.543,2.0,Sentinel-2
PR-0133,Guarapuava,PR,trigo,1682.1,2023-04-01,0.716,0.075,0.613,7.4,Sentinel-2
PR-0133,Guarapuava,PR,trigo,1682.1,2023-05-01,0.658,0.036,0.584,9.9,Sentinel-2
PR-0133,Guarapuava,PR,trigo,1682.1,2023-05-31,0.637,0.097,0.545,8.9,Sentinel-2
PR-0133,Guarapuava,PR,trigo,1682.1,2023-06-30,0.551,0.025,0.491,7.8,Sentinel-2
PR-0133,Guarapuava,PR,trigo,1682.1,2023-07-30,0.368,0.053,0.353,8.8,Sentinel-2
PR-0133,Guarapuava,PR,trigo,1682.1,2023-08-29,0.621,0.07,0.533,4.3,Sentinel-2
PR-0133,Guarapuava,PR,trigo,1682.1,2023-09-28,0.619,0.077,0.538,1.9,Sentinel-2
PR-0133,Guarapuava,PR,trigo,1682.1,2023-10-28,0.67,0.061,0.597,1.4,Sentinel-2
PR-0133,Guarapuava,PR,trigo,1682.1,2023-11-27,0.58,0.08,0.467,0.3,Sentinel-2
PR-0134,Toledo,PR,trigo,1320.3,2023-01-01,0.421,0.085,0.303,12.3,Sentinel-2
PR-0134,Toledo,PR,trigo,1320.3,2023-01-31,0.43,0.064,0.34,6.5,Sentinel-2
PR-0134,Toledo,PR,trigo,1320.3,2023-03-02,0.571,0.036,0.516,0.9,Sentinel-2
PR-0134,Toledo,PR,trigo,1320.3,2023-04-01,0.293,0.106,0.27,12.8,Sentinel-2
PR-0134,Toledo,PR,trigo,1320.3,2023-05-01,0.5,0.052,0.469,7.5,Sentinel-2
PR-0134,Toledo,PR,trigo,1320.3,2023-05-31,0.29,0.066,0.245,6.6,Sentinel-2
PR-0134,Toledo,PR,trigo,1320.3,2023-06-30,0.254,0.059,0.231,3.6,Sentinel-2
PR-0134,Toledo,PR,trigo,1320.3,2023-07-30,0.37,0.056,0.291,11.5,Sentinel-2
PR-0134,Toledo,PR,trigo,1320.3,2023-08-29,0.098,0.06,0.096,13.7,Sentinel-2
PR-0134,Toledo,PR,trigo,1320.3,2023-09-28,0.486,0.07,0.432,28.0,Sentinel-2
PR-0134,Toledo,PR,trigo,1320.3,2023-10-28,0.402,0.058,0.361,2.7,Sentinel-2
PR-0134,Toledo,PR,trigo,1320.3,2023-11-27,0.293,0.067,0.268,10.0,Sentinel-2
PR-0135,Londrina,PR,trigo,1906.8,2023-01-01,0.757,0.087,0.646,12.9,Sentinel-2
PR-0135,Londrina,PR,trigo,1906.8,2023-01-31,0.687,0.042,0.609,4.9,Sentinel-2
PR-0135,Londrina,PR,trigo,1906.8,2023-03-02,0.767,0.032,0.664,1.3,Sentinel-2
PR-0135,Londrina,PR,trigo,1906.8,2023-04-01,0.671,0.096,0.586,23.0,Sentinel-2
PR-0135,Londrina,PR,trigo,1906.8,2023-05-01,0.652,0.069,0.579,0.5,Sentinel-2
PR-0135,Londrina,PR,trigo,1906.8,2023-05-31,0.563,0.062,0.46,8.2,Sentinel-2
PR-0135,Londrina,PR,trigo,1906.8,2023-06-30,0.601,0.056,0.502,8.6,Sentinel-2
PR-0135,Londrina,PR,trigo,1906.8,2023-07-30,0.442,0.043,0.382,4.1,Sentinel-2
PR-0135,Londrina,PR,trigo,1906.8,2023-08-29,0.511,0.037,0.434,19.2,Sentinel-2
PR-0135,Londrina,PR,trigo,1906.8,2023-09-28,0.821,0.076,0.715,6.0,Sentinel-2
PR-0135,Londrina,PR,trigo,1906.8,2023-10-28,0.8,0.045,0.683,6.3,Sentinel-2
PR-0135,Londrina,PR,trigo,1906.8,2023-11-27,0.675,0.067,0.559,9.6,Sentinel-2
PR-0136,Londrina,PR,milho,2648.9,2023-01-01,0.785,0.064,0.678,1.1,Sentinel-2
PR-0136,Londrina,PR,milho,2648.9,2023-01-31,0.485,0.076,0.421,0.8,Sentinel-2
PR-0136,Londrina,PR,milho,2648.9,2023-03-02,0.542,0.052,0.472,0.2,Sentinel-2
PR-0136,Londrina,PR,milho,2648.9,2023-04-01,0.609,0.068,0.504,2.2,Sentinel-2
PR-0136,Londrina,PR,milho,2648.9,2023-05-01,0.629,0.028,0.557,0.5,Sentinel-2
PR-0136,Londrina,PR,milho,2648.9,2023-05-31,0.595,0.04,0.538,3.5,Sentinel-2
PR-0136,Londrina,PR,milho,2648.9,2023-06-30,0.766,0.069,0.679,10.7,Sentinel-2
PR-0136,Londrina,PR,milho,2648.9,2023-07-30,0.671,0.01,0.601,13.1,Sentinel-2
PR-0136,Londrina,PR,milho,2648.9,2023-08-29,0.755,0.058,0.679,6.1,Sentinel-2
PR-0136,Londrina,PR,milho,2648.9,2023-09-28,0.576,0.045,0.491,2.7,Sentinel-2
PR-0136,Londrina,PR,milho,2648.9,2023-10-28,0.721,0.029,0.613,5.9,Sentinel-2
PR-0136,Londrina,PR,milho,2648.9,2023-11-27,0.512,0.06,0.463,7.0,Sentinel-2
PR-0137,Campo Mourão,PR,cana-de-açúcar,339.1,2023-01-01,0.618,0.053,0.576,5.2,Sentinel-2
PR-0137,Campo Mourão,PR,cana-de-açúcar,339.1,2023-01-31,0.672,0.042,0.591,6.0,Sentinel-2
PR-0137,Campo Mourão,PR,cana-de-açúcar,339.1,2023-03-02,0.507,0.047,0.429,5.5,Sentinel-2
PR-0137,Campo Mourão,PR,cana-de-açúcar,339.1,2023-04-01,0.643,0.041,0.57,21.4,Sentinel-2
PR-0137,Campo Mourão,PR,cana-de-açúcar,339.1,2023-05-01,0.278,0.064,0.247,1.1,Sentinel-2
PR-0137,Campo Mourão,PR,cana-de-açúcar,339.1,2023-05-31,0.475,0.057,0.403,9.8,Sentinel-2
PR-0137,Campo Mourão,PR,cana-de-açúcar,339.1,2023-06-30,0.549,0.052,0.483,11.0,Sentinel-2
PR-0137,Campo Mourão,PR,cana-de-açúcar,339.1,2023-07-30,0.619,0.078,0.532,24.3,Sentinel-2
PR-0137,Campo Mourão,PR,cana-de-açúcar,339.1,2023-08-29,0.446,0.048,0.407,0.3,Sentinel-2
PR-0137,Campo Mourão,PR,cana-de-açúcar,339.1,2023-09-28,0.681,0.071,0.608,37.7,Sentinel-2
PR-0137,Campo Mourão,PR,cana-de-açúcar,339.1,2023-10-28,0.566,0.082,0.495,7.1,Sentinel-2
PR-0137,Campo Mourão,PR,cana-de-açúcar,339.1,2023-11-27,0.552,0.1,0.493,17.6,Sentinel-2
PR-0138,Palotina,PR,milho,2466.4,2023-01-01,0.681,0.06,0.598,5.2,Sentinel-2
PR-0138,Palotina,PR,milho,2466.4,2023-01-31,0.545,0.052,0.495,3.3,Sentinel-2
PR-0138,Palotina,PR,milho,2466.4,2023-03-02,0.367,0.086,0.324,1.2,Sentinel-2
PR-0138,Palotina,PR,milho,2466.4,2023-04-01,0.475,0.038,0.387,8.8,Sentinel-2
PR-0138,Palotina,PR,milho,2466.4,2023-05-01,0.565,0.086,0.515,7.8,Sentinel-2
PR-0138,Palotina,PR,milho,2466.4,2023-05-31,0.539,0.027,0.497,3.3,Sentinel-2
PR-0138,Palotina,PR,milho,2466.4,2023-06-30,0.621,0.068,0.526,0.7,Sentinel-2
PR-0138,Palotina,PR,milho,2466.4,2023-07-30,0.484,0.062,0.425,8.0,Sentinel-2
PR-0138,Palotina,PR,milho,2466.4,2023-08-29,0.464,0.043,0.386,0.7,Sentinel-2
PR-0138,Palotina,PR,milho,2466.4,2023-09-28,0.394,0.084,0.336,11.3,Sentinel-2
PR-0138,Palotina,PR,milho,2466.4,2023-10-28,0.671,0.054,0.583,0.2,Sentinel-2
PR-0138,Palotina,PR,milho,2466.4,2023-11-27,0.388,0.047,0.317,26.2,Sentinel-2
PR-0139,Umuarama,PR,milho,773.6,2023-01-01,0.226,0.072,0.18,0.4,Sentinel-2
PR-0139,Umuarama,PR,milho,773.6,2023-01-31,0.354,0.063,0.305,4.6,Sentinel-2
PR-0139,Umuarama,PR,milho,773.6,2023-03-02,0.225,0.08,0.19,1.0,Sentinel-2
PR-0139,Umuarama,PR,milho,773.6,2023-04-01,0.514,0.07,0.455,1.2,Sentinel-2
PR-0139,Umuarama,PR,milho,773.6,2023-05-01,0.348,0.069,0.296,1.5,Sentinel-2
PR-0139,Umuarama,PR,milho,773.6,2023-05-31,0.465,0.047,0.393,0.2,Sentinel-2
PR-0139,Umuarama,PR,milho,773.6,2023-06-30,0.461,0.067,0.393,3.1,Sentinel-2
PR-0139,Umuarama,PR,milho,773.6,2023-07-30,0.462,0.033,0.428,1.0,Sentinel-2
PR-0139,Umuarama,PR,milho,773.6,2023-08-29,0.409,0.092,0.336,11.2,Sentinel-2
PR-0139,Umuarama,PR,milho,773.6,2023-09-28,0.358,0.053,0.318,0.5,Sentinel-2
PR-0139,Umuarama,PR,milho,773.6,2023-10-28,0.31,0.064,0.25,2.1,Sentinel-2
PR-0139,Umuarama,PR,milho,773.6,2023-11-27,0.442,0.072,0.374,26.5,Sentinel-2
PR-0140,Toledo,PR,milho,2300.8,2023-01-01,0.639,0.079,0.58,1.8,Sentinel-2
PR-0140,Toledo,PR,milho,2300.8,2023-01-31,0.766,0.079,0.662,33.8,Sentinel-2
PR-0140,Toledo,PR,milho,2300.8,2023-03-02,0.71,0.036,0.578,4.8,Sentinel-2
PR-0140,Toledo,PR,milho,2300.8,2023-04-01,0.802,0.082,0.698,14.1,Sentinel-2
PR-0140,Toledo,PR,milho,2300.8,2023-05-01,0.522,0.112,0.5,5.3,Sentinel-2
PR-0140,Toledo,PR,milho,2300.8,2023-05-31,0.601,0.029,0.501,3.8,Sentinel-2
PR-0140,Toledo,PR,milho,2300.8,2023-06-30,0.499,0.083,0.414,0.4,Sentinel-2
PR-0140,Toledo,PR,milho,2300.8,2023-07-30,0.527,0.058,0.433,2.9,Sentinel-2
PR-0140,Toledo,PR,milho,2300.8,2023-08-29,0.551,0.066,0.496,2.6,Sentinel-2
PR-0140,Toledo,PR,milho,2300.8,2023-09-28,0.798,0.035,0.705,25.3,Sentinel-2
PR-0140,Toledo,PR,milho,2300.8,2023-10-28,0.604,0.088,0.517,11.2,Sentinel-2
PR-0140,Toledo,PR,milho,2300.8,2023-11-27,0.758,0.046,0.664,32.6,Sentinel-2
PR-0141,Campo Mourão,PR,milho,1406.4,2023-01-01,0.304,0.099,0.295,7.5,Sentinel-2
PR-0141,Campo Mourão,PR,milho,1406.4,2023-01-31,0.632,0.063,0.55,1.5,Sentinel-2
PR-0141,Campo Mourão,PR,milho,1406.4,2023-03-02,0.256,0.049,0.203,0.7,Sentinel-2
PR-0141,Campo Mourão,PR,milho,1406.4,2023-04-01,0.438,0.081,0.361,6.2,Sentinel-2
PR-0141,Campo Mourão,PR,milho,1406.4,2023-05-01,0.522,0.037,0.445,28.6,Sentinel-2
PR-0141,Campo Mourão,PR,milho,1406.4,2023-05-31,0.371,0.041,0.342,3.9,Sentinel-2
PR-0141,Campo Mourão,PR,milho,1406.4,2023-06-30,0.467,0.029,0.416,3.7,Sentinel-2
PR-0141,Campo Mourão,PR,milho,1406.4,2023-07-30,0.344,0.061,0.302,10.9,Sentinel-2
PR-0141,Campo Mourão,PR,milho,1406.4,2023-08-29,0.36,0.03,0.31,13.6,Sentinel-2
PR-0141,Campo Mourão,PR,milho,1406.4,2023-09-28,0.354,0.034,0.283,2.0,Sentinel-2
PR-0141,Campo Mourão,PR,milho,1406.4,2023-10-28,0.741,0.053,0.668,9.7,Sentinel-2
PR-0141,Campo Mourão,PR,milho,1406.4,2023-11-27,0.462,0.058,0.4,33.2,Sentinel-2
PR-0142,Londrina,PR,soja,2616.3,2023-01-01,0.409,0.06,0.367,8.9,Sentinel-2
PR-0142,Londrina,PR,soja,2616.3,2023-01-31,0.624,0.05,0.535,7.1,Sentinel-2
PR-0142,Londrina,PR,soja,2616.3,2023-03-02,0.469,0.05,0.444,17.0,Sentinel-2
PR-0142,Londrina,PR,soja,2616.3,2023-04-01,0.39,0.058,0.324,15.1,Sentinel-2
PR-0142,Londrina,PR,soja,2616.3,2023-05-01,0.652,0.068,0.555,9.1,Sentinel-2
PR-0142,Londrina,PR,soja,2616.3,2023-05-31,0.266,0.061,0.231,4.5,Sentinel-2
PR-0142,Londrina,PR,soja,2616.3,2023-06-30,0.323,0.034,0.291,14.9,Sentinel-2
PR-0142,Londrina,PR,soja,2616.3,2023-07-30,0.32,0.052,0.284,5.8,Sentinel-2
PR-0142,Londrina,PR,soja,2616.3,2023-08-29,0.269,0.061,0.265,0.4,Sentinel-2
PR-0142,Londrina,PR,soja,2616.3,2023-09-28,0.513,0.081,0.434,3.0,Sentinel-2
PR-0142,Londrina,PR,soja,2616.3,2023-10-28,0.4,0.071,0.374,37.1,Sentinel-2
PR-0142,Londrina,PR,soja,2616.3,2023-11-27,0.346,0.065,0.331,25.3,Sentinel-2
PR-0143,Palotina,PR,milho,535.2,2023-01-01,0.835,0.071,0.748,0.2,Sentinel-2
PR-0143,Palotina,PR,milho,535.2,2023-01-31,0.702,0.074,0.566,14.7,Sentinel-2
PR-0143,Palotina,PR,milho,535.2,2023-03-02,0.682,0.083,0.63,13.8,Sentinel-2
PR-0143,Palotina,PR,milho,535.2,2023-04-01,0.622,0.045,0.539,0.6,Sentinel-2
PR-0143,Palotina,PR,milho,535.2,2023-05-01,0.496,0.047,0.449,1.1,Sentinel-2
PR-0143,Palotina,PR,milho,535.2,2023-05-31,0.674,0.104,0.579,3.8,Sentinel-2
PR-0143,Palotina,PR,milho,535.2,2023-06-30,0.742,0.04,0.647,13.0,Sentinel-2
PR-0143,Palotina,PR,milho,535.2,2023-07-30,0.558,0.086,0.495,4.5,Sentinel-2
PR-0143,Palotina,PR,milho,535.2,2023-08-29,0.633,0.064,0.587,4.1,Sentinel-2
PR-0143,Palotina,PR,milho,535.2,2023-09-28,0.755,0.045,0.643,16.0,Sentinel-2
PR-0143,Palotina,PR,milho,535.2,2023-10-28,0.719,0.033,0.604,4.5,Sentinel-2
PR-0143,Palotina,PR,milho,535.2,2023-11-27,0.719,0.053,0.619,8.4,Sentinel-2
PR-0144,Cascavel,PR,cana-de-açúcar,1575.8,2023-01-01,0.515,0.069,0.442,12.5,Sentinel-2
PR-0144,Cascavel,PR,cana-de-açúcar,1575.8,2023-01-31,0.481,0.069,0.443,8.1,Sentinel-2
PR-0144,Cascavel,PR,cana-de-açúcar,1575.8,2023-03-02,0.496,0.081,0.428,2.2,Sentinel-2
PR-0144,Cascavel,PR,cana-de-açúcar,1575.8,2023-04-01,0.404,0.062,0.344,3.0,Sentinel-2
PR-0144,Cascavel,PR,cana-de-açúcar,1575.8,2023-05-01,0.21,0.08,0.183,17.3,Sentinel-2
PR-0144,Cascavel,PR,cana-de-açúcar,1575.8,2023-05-31,0.342,0.062,0.287,3.0,Sentinel-2
PR-0144,Cascavel,PR,cana-de-açúcar,1575.8,2023-06-30,0.372,0.076,0.351,9.1,Sentinel-2
PR-0144,Cascavel,PR,cana-de-açúcar,1575.8,2023-07-30,0.426,0.082,0.379,14.4,Sentinel-2
PR-0144,Cascavel,PR,cana-de-açúcar,1575.8,2023-08-29,0.479,0.044,0.422,19.1,Sentinel-2
PR-0144,Cascavel,PR,cana-de-açúcar,1575.8,2023-09-28,0.557,0.064,0.466,8.8,Sentinel-2
PR-0144,Cascavel,PR,cana-de-açúcar,1575.8,2023-10-28,0.413,0.01,0.345,6.9,Sentinel-2
PR-0144,Cascavel,PR,cana-de-açúcar,1575.8,2023-11-27,0.453,0.087,0.387,4.3,Sentinel-2
PR-0145,Marechal Cândido Rondon,PR,soja,1390.2,2023-01-01,0.495,0.061,0.411,5.0,Sentinel-2
PR-0145,Marechal Cândido Rondon,PR,soja,1390.2,2023-01-31,0.602,0.065,0.546,11.7,Sentinel-2
PR-0145,Marechal Cândido Rondon,PR,soja,1390.2,2023-03-02,0.792,0.027,0.674,14.0,Sentinel-2
PR-0145,Marechal Cândido Rondon,PR,soja,1390.2,2023-04-01,0.791,0.063,0.688,3.5,Sentinel-2
PR-0145,Marechal Cândido Rondon,PR,soja,1390.2,2023-05-01,0.588,0.056,0.485,19.5,Sentinel-2
PR-0145,Marechal Cândido Rondon,PR,soja,1390.2,2023-05-31,0.692,0.025,0.644,1.8,Sentinel-2
PR-0145,Marechal Cândido Rondon,PR,soja,1390.2,2023-06-30,0.625,0.074,0.543,15.0,Sentinel-2
PR-0145,Marechal Cândido Rondon,PR,soja,1390.2,2023-07-30,0.702,0.06,0.624,1.5,Sentinel-2
PR-0145,Marechal Cândido Rondon,PR,soja,1390.2,2023-08-29,0.637,0.069,0.559,8.5,Sentinel-2
PR-0145,Marechal Cândido Rondon,PR,soja,1390.2,2023-09-28,0.673,0.074,0.573,1.9,Sentinel-2
PR-0145,Marechal Cândido Rondon,PR,soja,1390.2,2023-10-28,0.628,0.065,0.537,6.0,Sentinel-2
PR-0145,Marechal Cândido Rondon,PR,soja,1390.2,2023-11-27,0.764,0.068,0.638,4.5,Sentinel-2
PR-0146,Toledo,PR,soja,476.1,2023-01-01,0.738,0.047,0.628,7.3,Sentinel-2
PR-0146,Toledo,PR,soja,476.1,2023-01-31,0.787,0.075,0.683,0.4,Sentinel-2
PR-0146,Toledo,PR,soja,476.1,2023-03-02,0.672,0.051,0.55,3.2,Sentinel-2
PR-0146,Toledo,PR,soja,476.1,2023-04-01,0.681,0.094,0.604,16.5,Sentinel-2
PR-0146,Toledo,PR,soja,476.1,2023-05-01,0.796,0.018,0.703,0.7,Sentinel-2
PR-0146,Toledo,PR,soja,476.1,2023-05-31,0.595,0.031,0.523,0.5,Sentinel-2
PR-0146,Toledo,PR,soja,476.1,2023-06-30,0.473,0.058,0.397,5.5,Sentinel-2
PR-0146,Toledo,PR,soja,476.1,2023-07-30,0.546,0.043,0.479,3.7,Sentinel-2
PR-0146,Toledo,PR,soja,476.1,2023-08-29,0.586,0.03,0.494,4.1,Sentinel-2
PR-0146,Toledo,PR,soja,476.1,2023-09-28,0.723,0.083,0.616,0.3,Sentinel-2
PR-0146,Toledo,PR,soja,476.1,2023-10-28,0.733,0.073,0.651,2.9,Sentinel-2
PR-0146,Toledo,PR,soja,476.1,2023-11-27,0.644,0.08,0.543,21.9,Sentinel-2
PR-0147,Campo Mourão,PR,trigo,1674.1,2023-01-01,0.651,0.043,0.552,0.3,Sentinel-2
PR-0147,Campo Mourão,PR,trigo,1674.1,2023-01-31,0.641,0.042,0.556,4.8,Sentinel-2
PR-0147,Campo Mourão,PR,trigo,1674.1,2023-03-02,0.554,0.068,0.466,0.2,Sentinel-2
PR-0147,Campo Mourão,PR,trigo,1674.1,2023-04-01,0.651,0.045,0.572,0.6,Sentinel-2
PR-0147,Campo Mourão,PR,trigo,1674.1,2023-05-01,0.645,0.05,0.536,0.7,Sentinel-2
PR-0147,Campo Mourão,PR,trigo,1674.1,2023-05-31,0.568,0.058,0.509,1.0,Sentinel-2
PR-0147,Campo Mourão,PR,trigo,1674.1,2023-06-30,0.482,0.079,0.404,2.3,Sentinel-2
PR-0147,Campo Mourão,PR,trigo,1674.1,2023-07-30,0.713,0.059,0.586,14.9,Sentinel-2
PR-0147,Campo Mourão,PR,trigo,1674.1,2023-08-29,0.625,0.085,0.569,10.1,Sentinel-2
PR-0147,Campo Mourão,PR,trigo,1674.1,2023-09-28,0.815,0.045,0.705,11.8,Sentinel-2
PR-0147,Campo Mourão,PR,trigo,1674.1,2023-10-28,0.63,0.078,0.596,13.8,Sentinel-2
PR-0147,Campo Mourão,PR,trigo,1674.1,2023-11-27,0.645,0.06,0.558,8.5,Sentinel-2
PR-0148,Marechal Cândido Rondon,PR,cana-de-açúcar,721.4,2023-01-01,0.643,0.064,0.567,10.3,Sentinel-2
PR-0148,Marechal Cândido Rondon,PR,cana-de-açúcar,721.4,2023-01-31,0.602,0.026,0.533,3.0,Sentinel-2
PR-0148,Marechal Cândido Rondon,PR,cana-de-açúcar,721.4,2023-03-02,0.809,0.092,0.699,4.8,Sentinel-2
PR-0148,Marechal Cândido Rondon,PR,cana-de-açúcar,721.4,2023-04-01,0.692,0.042,0.595,6.9,Sentinel-2
PR-0148,Marechal Cândido Rondon,PR,cana-de-açúcar,721.4,2023-05-01,0.819,0.095,0.749,14.4,Sentinel-2
PR-0148,Marechal Cândido Rondon,PR,cana-de-açúcar,721.4,2023-05-31,0.68,0.049,0.609,9.3,Sentinel-2
PR-0148,Marechal Cândido Rondon,PR,cana-de-açúcar,721.4,2023-06-30,0.542,0.08,0.454,0.2,Sentinel-2
PR-0148,Marechal Cândido Rondon,PR,cana-de-açúcar,721.4,2023-07-30,0.651,0.07,0.523,1.3,Sentinel-2
PR-0148,Marechal Cândido Rondon,PR,cana-de-açúcar,721.4,2023-08-29,0.747,0.055,0.631,7.5,Sentinel-2
PR-0148,Marechal Cândido Rondon,PR,cana-de-açúcar,721.4,2023-09-28,0.661,0.098,0.533,1.8,Sentinel-2
PR-0148,Marechal Cândido Rondon,PR,cana-de-açúcar,721.4,2023-10-28,0.664,0.076,0.581,6.7,Sentinel-2
PR-0148,Marechal Cândido Rondon,PR,cana-de-açúcar,721.4,2023-11-27,0.79,0.02,0.7,0.8,Sentinel-2
PR-0149,Toledo,PR,algodão,574.0,2023-01-01,0.267,0.061,0.279,2.7,Sentinel-2
PR-0149,Toledo,PR,algodão,574.0,2023-01-31,0.491,0.063,0.457,0.6,Sentinel-2
PR-0149,Toledo,PR,algodão,574.0,2023-03-02,0.497,0.069,0.451,4.2,Sentinel-2
PR-0149,Toledo,PR,algodão,574.0,2023-04-01,0.577,0.065,0.51,6.2,Sentinel-2
PR-0149,Toledo,PR,algodão,574.0,2023-05-01,0.221,0.061,0.231,1.1,Sentinel-2
PR-0149,Toledo,PR,algodão,574.0,2023-05-31,0.197,0.066,0.192,9.9,Sentinel-2
PR-0149,Toledo,PR,algodão,574.0,2023-06-30,0.095,0.064,0.108,5.6,Sentinel-2
PR-0149,Toledo,PR,algodão,574.0,2023-07-30,0.205,0.054,0.164,0.1,Sentinel-2
PR-0149,Toledo,PR,algodão,574.0,2023-08-29,0.3,0.066,0.231,6.0,Sentinel-2
PR-0149,Toledo,PR,algodão,574.0,2023-09-28,0.49,0.095,0.404,4.9,Sentinel-2
PR-0149,Toledo,PR,algodão,574.0,2023-10-28,0.161,0.045,0.131,4.9,Sentinel-2
PR-0149,Toledo,PR,algodão,574.0,2023-11-27,0.611,0.05,0.501,2.8,Sentinel-2
PR-0150,Guarapuava,PR,milho,1274.4,2023-01-01,0.838,0.041,0.686,1.6,Sentinel-2
PR-0150,Guarapuava,PR,milho,1274.4,2023-01-31,0.749,0.042,0.643,23.3,Sentinel-2
PR-0150,Guarapuava,PR,milho,1274.4,2023-03-02,0.696,0.1,0.601,2.8,Sentinel-2
PR-0150,Guarapuava,PR,milho,1274.4,2023-04-01,0.847,0.087,0.721,10.3,Sentinel-2
PR-0150,Guarapuava,PR,milho,1274.4,2023-05-01,0.629,0.083,0.572,42.9,Sentinel-2
PR-0150,Guarapuava,PR,milho,1274.4,2023-05-31,0.593,0.068,0.52,11.6,Sentinel-2
PR-0150,Guarapuava,PR,milho,1274.4,2023-06-30,0.54,0.079,0.469,5.0,Sentinel-2
PR-0150,Guarapuava,PR,milho,1274.4,2023-07-30,0.743,0.088,0.66,11.1,Sentinel-2
PR-0150,Guarapuava,PR,milho,1274.4,2023-08-29,0.454,0.082,0.408,0.1,Sentinel-2
PR-0150,Guarapuava,PR,milho,1274.4,2023-09-28,0.585,0.094,0.538,3.2,Sentinel-2
PR-0150,Guarapuava,PR,milho,1274.4,2023-10-28,0.679,0.037,0.614,2.2,Sentinel-2
PR-0150,Guarapuava,PR,milho,1274.4,2023-11-27,0.743,0.07,0.643,13.7,Sentinel-2
PR-0151,Marechal Cândido Rondon,PR,milho,2523.6,2023-01-01,0.511,0.07,0.425,0.6,Sentinel-2
PR-0151,Marechal Cândido Rondon,PR,milho,2523.6,2023-01-31,0.404,0.063,0.322,1.3,Sentinel-2
PR-0151,Marechal Cândido Rondon,PR,milho,2523.6,2023-03-02,0.377,0.071,0.358,1.9,Sentinel-2
PR-0151,Marechal Cândido Rondon,PR,milho,2523.6,2023-04-01,0.469,0.047,0.372,13.3,Sentinel-2
PR-0151,Marechal Cândido Rondon,PR,milho,2523.6,2023-05-01,0.229,0.035,0.216,2.9,Sentinel-2
PR-0151,Marechal Cândido Rondon,PR,milho,2523.6,2023-05-31,0.278,0.062,0.242,11.8,Sentinel-2
PR-0151,Marechal Cândido Rondon,PR,milho,2523.6,2023-06-30,0.38,0.014,0.32,0.8,Sentinel-2
PR-0151,Marechal Cândido Rondon,PR,milho,2523.6,2023-07-30,0.413,0.01,0.388,3.3,Sentinel-2
PR-0151,Marechal Cândido Rondon,PR,milho,2523.6,2023-08-29,0.413,0.088,0.367,12.8,Sentinel-2
PR-0151,Marechal Cândido Rondon,PR,milho,2523.6,2023-09-28,0.674,0.066,0.576,1.5,Sentinel-2
PR-0151,Marechal Cândido Rondon,PR,milho,2523.6,2023-10-28,0.381,0.065,0.319,1.7,Sentinel-2
PR-0151,Marechal Cândido Rondon,PR,milho,2523.6,2023-11-27,0.566,0.067,0.517,22.4,Sentinel-2
PR-0152,Toledo,PR,milho,680.7,2023-01-01,0.671,0.063,0.582,1.9,Sentinel-2
PR-0152,Toledo,PR,milho,680.7,2023-01-31,0.665,0.065,0.607,2.6,Sentinel-2
PR-0152,Toledo,PR,milho,680.7,2023-03-02,0.654,0.056,0.585,11.7,Sentinel-2
PR-0152,Toledo,PR,milho,680.7,2023-04-01,0.599,0.01,0.521,10.0,Sentinel-2
PR-0152,Toledo,PR,milho,680.7,2023-05-01,0.67,0.016,0.569,0.8,Sentinel-2
PR-0152,Toledo,PR,milho,680.7,2023-05-31,0.561,0.047,0.514,3.9,Sentinel-2
PR-0152,Toledo,PR,milho,680.7,2023-06-30,0.783,0.044,0.69,11.5,Sentinel-2
PR-0152,Toledo,PR,milho,680.7,2023-07-30,0.655,0.039,0.519,8.8,Sentinel-2
PR-0152,Toledo,PR,milho,680.7,2023-08-29,0.621,0.062,0.559,5.7,Sentinel-2
PR-0152,Toledo,PR,milho,680.7,2023-09-28,0.611,0.059,0.508,9.8,Sentinel-2
PR-0152,Toledo,PR,milho,680.7,2023-10-28,0.705,0.06,0.614,2.2,Sentinel-2
PR-0152,Toledo,PR,milho,680.7,2023-11-27,0.618,0.047,0.544,0.7,Sentinel-2
PR-0153,Marechal Cândido Rondon,PR,trigo,1521.2,2023-01-01,0.693,0.071,0.647,7.3,Sentinel-2
PR-0153,Marechal Cândido Rondon,PR,trigo,1521.2,2023-01-31,0.709,0.091,0.606,3.2,Sentinel-2
PR-0153,Marechal Cândido Rondon,PR,trigo,1521.2,2023-03-02,0.622,0.088,0.543,30.4,Sentinel-2
PR-0153,Marechal Cândido Rondon,PR,trigo,1521.2,2023-04-01,0.517,0.05,0.436,0.2,Sentinel-2
PR-0153,Marechal Cândido Rondon,PR,trigo,1521.2,2023-05-01,0.626,0.045,0.546,19.0,Sentinel-2
PR-0153,Marechal Cândido Rondon,PR,trigo,1521.2,2023-05-31,0.707,0.052,0.602,9.3,Sentinel-2
PR-0153,Marechal Cândido Rondon,PR,trigo,1521.2,2023-06-30,0.541,0.033,0.458,4.7,Sentinel-2
PR-0153,Marechal Cândido Rondon,PR,trigo,1521.2,2023-07-30,0.636,0.1,0.555,0.6,Sentinel-2
PR-0153,Marechal Cândido Rondon,PR,trigo,1521.2,2023-08-29,0.625,0.087,0.552,0.8,Sentinel-2
PR-0153,Marechal Cândido Rondon,PR,trigo,1521.2,2023-09-28,0.708,0.028,0.595,21.5,Sentinel-2
PR-0153,Marechal Cândido Rondon,PR,trigo,1521.2,2023-10-28,0.654,0.068,0.566,10.2,Sentinel-2
PR-0153,Marechal Cândido Rondon,PR,trigo,1521.2,2023-11-27,0.556,0.06,0.496,2.3,Sentinel-2
PR-0154,Umuarama,PR,algodão,1372.4,2023-01-01,0.569,0.095,0.542,4.1,Sentinel-2
PR-0154,Umuarama,PR,algodão,1372.4,2023-01-31,0.768,0.071,0.687,5.6,Sentinel-2
PR-0154,Umuarama,PR,algodão,1372.4,2023-03-02,0.579,0.026,0.519,0.2,Sentinel-2
PR-0154,Umuarama,PR,algodão,1372.4,2023-04-01,0.391,0.031,0.367,11.4,Sentinel-2
PR-0154,Umuarama,PR,algodão,1372.4,2023-05-01,0.674,0.047,0.605,2.4,Sentinel-2
PR-0154,Umuarama,PR,algodão,1372.4,2023-05-31,0.692,0.039,0.607,3.8,Sentinel-2
PR-0154,Umuarama,PR,algodão,1372.4,2023-06-30,0.481,0.055,0.433,1.3,Sentinel-2
PR-0154,Umuarama,PR,algodão,1372.4,2023-07-30,0.631,0.061,0.552,5.6,Sentinel-2
PR-0154,Umuarama,PR,algodão,1372.4,2023-08-29,0.497,0.037,0.475,28.2,Sentinel-2
PR-0154,Umuarama,PR,algodão,1372.4,2023-09-28,0.461,0.044,0.418,8.2,Sentinel-2
PR-0154,Umuarama,PR,algodão,1372.4,2023-10-28,0.487,0.049,0.467,3.9,Sentinel-2
PR-0154,Umuarama,PR,algodão,1372.4,2023-11-27,0.671,0.048,0.578,4.6,Sentinel-2
PR-0155,Umuarama,PR,trigo,1553.3,2023-01-01,0.43,0.046,0.393,4.4,Sentinel-2
PR-0155,Umuarama,PR,trigo,1553.3,2023-01-31,0.538,0.06,0.491,20.4,Sentinel-2
PR-0155,Umuarama,PR,trigo,1553.3,2023-03-02,0.389,0.084,0.368,1.3,Sentinel-2
PR-0155,Umuarama,PR,trigo,1553.3,2023-04-01,0.529,0.022,0.43,1.3,Sentinel-2
PR-0155,Umuarama,PR,trigo,1553.3,2023-05-01,0.422,0.086,0.361,1.0,Sentinel-2
PR-0155,Umuarama,PR,trigo,1553.3,2023-05-31,0.364,0.086,0.334,3.9,Sentinel-2
PR-0155,Umuarama,PR,trigo,1553.3,2023-06-30,0.339,0.01,0.333,16.7,Sentinel-2
PR-0155,Umuarama,PR,trigo,1553.3,2023-07-30,0.537,0.071,0.485,9.4,Sentinel-2
PR-0155,Umuarama,PR,trigo,1553.3,2023-08-29,0.284,0.06,0.267,10.6,Sentinel-2
PR-0155,Umuarama,PR,trigo,1553.3,2023-09-28,0.405,0.061,0.306,16.3,Sentinel-2
PR-0155,Umuarama,PR,trigo,1553.3,2023-10-28,0.611,0.077,0.542,2.5,Sentinel-2
PR-0155,Umuarama,PR,trigo,1553.3,2023-11-27,0.307,0.068,0.299,9.6,Sentinel-2
PR-0156,Cascavel,PR,milho,2458.3,2023-01-01,0.85,0.08,0.721,2.7,Sentinel-2
PR-0156,Cascavel,PR,milho,2458.3,2023-01-31,0.742,0.049,0.65,1.7,Sentinel-2
PR-0156,Cascavel,PR,milho,2458.3,2023-03-02,0.772,0.077,0.662,6.7,Sentinel-2
PR-0156,Cascavel,PR,milho,2458.3,2023-04-01,0.679,0.063,0.604,11.1,Sentinel-2
PR-0156,Cascavel,PR,milho,2458.3,2023-05-01,0.628,0.048,0.587,4.6,Sentinel-2
PR-0156,Cascavel,PR,milho,2458.3,2023-05-31,0.574,0.068,0.494,8.1,Sentinel-2
PR-0156,Cascavel,PR,milho,2458.3,2023-06-30,0.645,0.064,0.566,0.2,Sentinel-2
PR-0156,Cascavel,PR,milho,2458.3,2023-07-30,0.631,0.062,0.572,11.4,Sentinel-2
PR-0156,Cascavel,PR,milho,2458.3,2023-08-29,0.694,0.061,0.632,12.5,Sentinel-2
PR-0156,Cascavel,PR,milho,2458.3,2023-09-28,0.631,0.073,0.552,12.6,Sentinel-2
PR-0156,Cascavel,PR,milho,2458.3,2023-10-28,0.577,0.077,0.517,5.3,Sentinel-2
PR-0156,Cascavel,PR,milho,2458.3,2023-11-27,0.658,0.061,0.545,3.3,Sentinel-2
PR-0157,Campo Mourão,PR,trigo,2459.7,2023-01-01,0.595,0.043,0.536,3.2,Sentinel-2
PR-0157,Campo Mourão,PR,trigo,2459.7,2023-01-31,0.686,0.078,0.61,9.6,Sentinel-2
PR-0157,Campo Mourão,PR,trigo,2459.7,2023-03-02,0.614,0.019,0.552,16.3,Sentinel-2
PR-0157,Campo Mourão,PR,trigo,2459.7,2023-04-01,0.764,0.054,0.695,13.5,Sentinel-2
PR-0157,Campo Mourão,PR,trigo,2459.7,2023-05-01,0.467,0.08,0.394,4.3,Sentinel-2
PR-0157,Campo Mourão,PR,trigo,2459.7,2023-05-31,0.465,0.082,0.459,25.3,Sentinel-2
PR-0157,Campo Mourão,PR,trigo,2459.7,2023-06-30,0.578,0.057,0.499,13.2,Sentinel-2
PR-0157,Campo Mourão,PR,trigo,2459.7,2023-07-30,0.596,0.05,0.538,7.5,Sentinel-2
PR-0157,Campo Mourão,PR,trigo,2459.7,2023-08-29,0.447,0.076,0.408,21.4,Sentinel-2
PR-0157,Campo Mourão,PR,trigo,2459.7,2023-09-28,0.707,0.113,0.59,15.6,Sentinel-2
PR-0157,Campo Mourão,PR,trigo,2459.7,2023-10-28,0.798,0.042,0.691,1.2,Sentinel-2
PR-0157,Campo Mourão,PR,trigo,2459.7,2023-11-27,0.72,0.034,0.623,15.5,Sentinel-2
PR-0158,Ponta Grossa,PR,soja,427.2,2023-01-01,0.673,0.088,0.546,1.5,Sentinel-2
PR-0158,Ponta Grossa,PR,soja,427.2,2023-01-31,0.659,0.051,0.576,8.7,Sentinel-2
PR-0158,Ponta Grossa,PR,soja,427.2,2023-03-02,0.724,0.074,0.63,0.7,Sentinel-2
PR-0158,Ponta Grossa,PR,soja,427.2,2023-04-01,0.573,0.031,0.511,1.4,Sentinel-2
PR-0158,Ponta Grossa,PR,soja,427.2,2023-05-01,0.835,0.041,0.728,2.4,Sentinel-2
PR-0158,Ponta Grossa,PR,soja,427.2,2023-05-31,0.57,0.018,0.502,1.1,Sentinel-2
PR-0158,Ponta Grossa,PR,soja,427.2,2023-06-30,0.721,0.079,0.626,9.4,Sentinel-2
PR-0158,Ponta Grossa,PR,soja,427.2,2023-07-30,0.597,0.092,0.486,11.6,Sentinel-2
PR-0158,Ponta Grossa,PR,soja,427.2,2023-08-29,0.524,0.043,0.433,10.7,Sentinel-2
PR-0158,Ponta Grossa,PR,soja,427.2,2023-09-28,0.831,0.039,0.742,6.6,Sentinel-2
PR-0158,Ponta Grossa,PR,soja,427.2,2023-10-28,0.832,0.031,0.726,0.7,Sentinel-2
PR-0158,Ponta Grossa,PR,soja,427.2,2023-11-27,0.769,0.088,0.686,22.1,Sentinel-2
PR-0159,Toledo,PR,algodão,1134.8,2023-01-01,0.763,0.053,0.671,6.1,Sentinel-2
PR-0159,Toledo,PR,algodão,1134.8,2023-01-31,0.6,0.092,0.477,3.1,Sentinel-2
PR-0159,Toledo,PR,algodão,1134.8,2023-03-02,0.47,0.083,0.416,7.4,Sentinel-2
PR-0159,Toledo,PR,algodão,1134.8,2023-04-01,0.449,0.063,0.411,6.2,Sentinel-2
PR-0159,Toledo,PR,algodão,1134.8,2023-05-01,0.45,0.063,0.427,5.5,Sentinel-2
PR-0159,Toledo,PR,algodão,1134.8,2023-05-31,0.433,0.034,0.384,1.3,Sentinel-2
PR-0159,Toledo,PR,algodão,1134.8,2023-06-30,0.401,0.029,0.341,3.0,Sentinel-2
PR-0159,Toledo,PR,algodão,1134.8,2023-07-30,0.352,0.07,0.306,46.1,Sentinel-2
PR-0159,Toledo,PR,algodão,1134.8,2023-08-29,0.48,0.038,0.429,9.7,Sentinel-2
PR-0159,Toledo,PR,algodão,1134.8,2023-09-28,0.466,0.02,0.445,3.2,Sentinel-2
PR-0159,Toledo,PR,algodão,1134.8,2023-10-28,0.642,0.048,0.555,9.6,Sentinel-2
PR-0159,Toledo,PR,algodão,1134.8,2023-11-27,0.364,0.098,0.33,1.6,Sentinel-2
PR-0160,Maringá,PR,cana-de-açúcar,932.4,2023-01-01,0.863,0.059,0.735,37.1,Sentinel-2
PR-0160,Maringá,PR,cana-de-açúcar,932.4,2023-01-31,0.866,0.061,0.733,6.0,Sentinel-2
PR-0160,Maringá,PR,cana-de-açúcar,932.4,2023-03-02,0.721,0.09,0.641,4.0,Sentinel-2
PR-0160,Maringá,PR,cana-de-açúcar,932.4,2023-04-01,0.917,0.083,0.822,6.9,Sentinel-2
PR-0160,Maringá,PR,cana-de-açúcar,932.4,2023-05-01,0.729,0.023,0.629,1.4,Sentinel-2
PR-0160,Maringá,PR,cana-de-açúcar,932.4,2023-05-31,0.574,0.08,0.523,2.8,Sentinel-2
PR-0160,Maringá,PR,cana-de-açúcar,932.4,2023-06-30,0.709,0.071,0.616,0.1,Sentinel-2
PR-0160,Maringá,PR,cana-de-açúcar,932.4,2023-07-30,0.523,0.056,0.429,9.1,Sentinel-2
PR-0160,Maringá,PR,cana-de-açúcar,932.4,2023-08-29,0.721,0.059,0.647,14.7,Sentinel-2
PR-0160,Maringá,PR,cana-de-açúcar,932.4,2023-09-28,0.721,0.068,0.623,29.2,Sentinel-2
PR-0160,Maringá,PR,cana-de-açúcar,932.4,2023-10-28,0.763,0.066,0.692,7.2,Sentinel-2
PR-0160,Maringá,PR,cana-de-açúcar,932.4,2023-11-27,0.734,0.088,0.633,4.1,Sentinel-2
PR-0161,Cascavel,PR,soja,760.5,2023-01-01,0.526,0.085,0.473,12.0,Sentinel-2
PR-0161,Cascavel,PR,soja,760.5,2023-01-31,0.716,0.09,0.621,0.8,Sentinel-2
PR-0161,Cascavel,PR,soja,760.5,2023-03-02,0.39,0.068,0.319,4.7,Sentinel-2
PR-0161,Cascavel,PR,soja,760.5,2023-04-01,0.665,0.07,0.58,1.0,Sentinel-2
PR-0161,Cascavel,PR,soja,760.5,2023-05-01,0.352,0.026,0.31,35.0,Sentinel-2
PR-0161,Cascavel,PR,soja,760.5,2023-05-31,0.621,0.029,0.544,0.8,Sentinel-2
PR-0161,Cascavel,PR,soja,760.5,2023-06-30,0.408,0.049,0.386,2.8,Sentinel-2
PR-0161,Cascavel,PR,soja,760.5,2023-07-30,0.49,0.073,0.439,10.0,Sentinel-2
PR-0161,Cascavel,PR,soja,760.5,2023-08-29,0.57,0.041,0.471,4.0,Sentinel-2
PR-0161,Cascavel,PR,soja,760.5,2023-09-28,0.657,0.074,0.54,6.0,Sentinel-2
PR-0161,Cascavel,PR,soja,760.5,2023-10-28,0.745,0.075,0.613,8.4,Sentinel-2
PR-0161,Cascavel,PR,soja,760.5,2023-11-27,0.525,0.06,0.443,8.6,Sentinel-2
PR-0162,Toledo,PR,milho,2592.9,2023-01-01,0.811,0.061,0.703,6.8,Sentinel-2
PR-0162,Toledo,PR,milho,2592.9,2023-01-31,0.711,0.055,0.612,2.4,Sentinel-2
PR-0162,Toledo,PR,milho,2592.9,2023-03-02,0.681,0.052,0.604,27.1,Sentinel-2
PR-0162,Toledo,PR,milho,2592.9,2023-04-01,0.751,0.086,0.702,8.6,Sentinel-2
PR-0162,Toledo,PR,milho,2592.9,2023-05-01,0.6,0.066,0.563,2.8,Sentinel-2
PR-0162,Toledo,PR,milho,2592.9,2023-05-31,0.513,0.049,0.444,5.4,Sentinel-2
PR-0162,Toledo,PR,milho,2592.9,2023-06-30,0.498,0.101,0.461,5.7,Sentinel-2
PR-0162,Toledo,PR,milho,2592.9,2023-07-30,0.597,0.049,0.492,0.4,Sentinel-2
PR-0162,Toledo,PR,milho,2592.9,2023-08-29,0.665,0.063,0.587,1.2,Sentinel-2
PR-0162,Toledo,PR,milho,2592.9,2023-09-28,0.614,0.035,0.526,2.6,Sentinel-2
PR-0162,Toledo,PR,milho,2592.9,2023-10-28,0.664,0.039,0.563,8.4,Sentinel-2
PR-0162,Toledo,PR,milho,2592.9,2023-11-27,0.651,0.071,0.585,23.2,Sentinel-2
PR-0163,Londrina,PR,milho,1630.9,2023-01-01,0.615,0.048,0.516,10.0,Sentinel-2
PR-0163,Londrina,PR,milho,1630.9,2023-01-31,0.552,0.033,0.469,5.7,Sentinel-2
PR-0163,Londrina,PR,milho,1630.9,2023-03-02,0.795,0.092,0.677,3.8,Sentinel-2
PR-0163,Londrina,PR,milho,1630.9,2023-04-01,0.873,0.075,0.756,2.5,Sentinel-2
PR-0163,Londrina,PR,milho,1630.9,2023-05-01,0.421,0.054,0.352,0.7,Sentinel-2
PR-0163,Londrina,PR,milho,1630.9,2023-05-31,0.659,0.089,0.555,1.3,Sentinel-2
PR-0163,Londrina,PR,milho,1630.9,2023-06-30,0.629,0.045,0.592,2.0,Sentinel-2
PR-0163,Londrina,PR,milho,1630.9,2023-07-30,0.793,0.093,0.68,1.1,Sentinel-2
PR-0163,Londrina,PR,milho,1630.9,2023-08-29,0.358,0.053,0.281,0.8,Sentinel-2
PR-0163,Londrina,PR,milho,1630.9,2023-09-28,0.565,0.045,0.513,2.7,Sentinel-2
PR-0163,Londrina,PR,milho,1630.9,2023-10-28,0.673,0.069,0.602,11.2,Sentinel-2
PR-0163,Londrina,PR,milho,1630.9,2023-11-27,0.711,0.075,0.652,9.1,Sentinel-2
PR-0164,Ponta Grossa,PR,algodão,1804.1,2023-01-01,0.383,0.062,0.357,1.4,Sentinel-2
PR-0164,Ponta Grossa,PR,algodão,1804.1,2023-01-31,0.459,0.074,0.414,10.6,Sentinel-2
PR-0164,Ponta Grossa,PR,algodão,1804.1,2023-03-02,0.648,0.07,0.594,2.3,Sentinel-2
PR-0164,Ponta Grossa,PR,algodão,1804.1,2023-04-01,0.417,0.036,0.343,1.6,Sentinel-2
PR-0164,Ponta Grossa,PR,algodão,1804.1,2023-05-01,0.602,0.057,0.508,4.5,Sentinel-2
PR-0164,Ponta Grossa,PR,algodão,1804.1,2023-05-31,0.369,0.099,0.306,13.5,Sentinel-2
PR-0164,Ponta Grossa,PR,algodão,1804.1,2023-06-30,0.283,0.097,0.265,3.0,Sentinel-2
PR-0164,Ponta Grossa,PR,algodão,1804.1,2023-07-30,0.327,0.067,0.289,10.5,Sentinel-2
PR-0164,Ponta Grossa,PR,algodão,1804.1,2023-08-29,0.443,0.056,0.417,6.5,Sentinel-2
PR-0164,Ponta Grossa,PR,algodão,1804.1,2023-09-28,0.526,0.019,0.459,26.2,Sentinel-2
PR-0164,Ponta Grossa,PR,algodão,1804.1,2023-10-28,0.312,0.071,0.269,5.8,Sentinel-2
PR-0164,Ponta Grossa,PR,algodão,1804.1,2023-11-27,0.302,0.102,0.263,9.6,Sentinel-2
PR-0165,Londrina,PR,soja,1868.0,2023-01-01,0.685,0.03,0.596,10.7,Sentinel-2
PR-0165,Londrina,PR,soja,1868.0,2023-01-31,0.645,0.095,0.55,17.0,Sentinel-2
PR-0165,Londrina,PR,soja,1868.0,2023-03-02,0.585,0.055,0.469,9.0,Sentinel-2
PR-0165,Londrina,PR,soja,1868.0,2023-04-01,0.559,0.078,0.469,2.0,Sentinel-2
PR-0165,Londrina,PR,soja,1868.0,2023-05-01,0.81,0.077,0.656,4.4,Sentinel-2
PR-0165,Londrina,PR,soja,1868.0,2023-05-31,0.619,0.046,0.552,1.0,Sentinel-2
PR-0165,Londrina,PR,soja,1868.0,2023-06-30,0.705,0.052,0.58,1.0,Sentinel-2
PR-0165,Londrina,PR,soja,1868.0,2023-07-30,0.599,0.055,0.537,1.9,Sentinel-2
PR-0165,Londrina,PR,soja,1868.0,2023-08-29,0.63,0.034,0.552,21.6,Sentinel-2
PR-0165,Londrina,PR,soja,1868.0,2023-09-28,0.803,0.037,0.67,0.3,Sentinel-2
PR-0165,Londrina,PR,soja,1868.0,2023-10-28,0.585,0.066,0.49,7.6,Sentinel-2
PR-0165,Londrina,PR,soja,1868.0,2023-11-27,0.727,0.051,0.649,0.0,Sentinel-2
PR-0166,Marechal Cândido Rondon,PR,cana-de-açúcar,1095.9,2023-01-01,0.696,0.066,0.563,4.2,Sentinel-2
PR-0166,Marechal Cândido Rondon,PR,cana-de-açúcar,1095.9,2023-01-31,0.715,0.062,0.621,11.7,Sentinel-2
PR-0166,Marechal Cândido Rondon,PR,cana-de-açúcar,1095.9,2023-03-02,0.75,0.083,0.639,17.8,Sentinel-2
PR-0166,Marechal Cândido Rondon,PR,cana-de-açúcar,1095.9,2023-04-01,0.811,0.045,0.702,36.4,Sentinel-2
PR-0166,Marechal Cândido Rondon,PR,cana-de-açúcar,1095.9,2023-05-01,0.616,0.042,0.557,0.0,Sentinel-2
PR-0166,Marechal Cândido Rondon,PR,cana-de-açúcar,1095.9,2023-05-31,0.785,0.083,0.662,0.9,Sentinel-2
PR-0166,Marechal Cândido Rondon,PR,cana-de-açúcar,1095.9,2023-06-30,0.66,0.07,0.558,0.3,Sentinel-2
PR-0166,Marechal Cândido Rondon,PR,cana-de-açúcar,1095.9,2023-07-30,0.708,0.036,0.574,25.7,Sentinel-2
PR-0166,Marechal Cândido Rondon,PR,cana-de-açúcar,1095.9,2023-08-29,0.715,0.059,0.599,9.2,Sentinel-2
PR-0166,Marechal Cândido Rondon,PR,cana-de-açúcar,1095.9,2023-09-28,0.757,0.083,0.683,12.1,Sentinel-2
PR-0166,Marechal Cândido Rondon,PR,cana-de-açúcar,1095.9,2023-10-28,0.633,0.079,0.549,1.1,Sentinel-2
PR-0166,Marechal Cândido Rondon,PR,cana-de-açúcar,1095.9,2023-11-27,0.582,0.094,0.497,1.1,Sentinel-2
PR-0167,Campo Mourão,PR,algodão,90.3,2023-01-01,0.832,0.072,0.699,0.1,Sentinel-2
PR-0167,Campo Mourão,PR,algodão,90.3,2023-01-31,0.675,0.044,0.589,0.7,Sentinel-2
PR-0167,Campo Mourão,PR,algodão,90.3,2023-03-02,0.437,0.072,0.379,2.6,Sentinel-2
PR-0167,Campo Mourão,PR,algodão,90.3,2023-04-01,0.517,0.072,0.46,9.7,Sentinel-2
PR-0167,Campo Mourão,PR,algodão,90.3,2023-05-01,0.451,0.042,0.358,0.9,Sentinel-2
PR-0167,Campo Mourão,PR,algodão,90.3,2023-05-31,0.557,0.057,0.457,1.7,Sentinel-2
PR-0167,Campo Mourão,PR,algodão,90.3,2023-06-30,0.632,0.038,0.556,4.1,Sentinel-2
PR-0167,Campo Mourão,PR,algodão,90.3,2023-07-30,0.573,0.058,0.511,1.3,Sentinel-2
PR-0167,Campo Mourão,PR,algodão,90.3,2023-08-29,0.606,0.061,0.54,6.0,Sentinel-2
PR-0167,Campo Mourão,PR,algodão,90.3,2023-09-28,0.504,0.043,0.385,2.0,Sentinel-2
PR-0167,Campo Mourão,PR,algodão,90.3,2023-10-28,0.559,0.063,0.48,0.9,Sentinel-2
PR-0167,Campo Mourão,PR,algodão,90.3,2023-11-27,0.619,0.029,0.574,9.9,Sentinel-2
PR-0168,Palotina,PR,trigo,2690.6,2023-01-01,0.685,0.062,0.595,5.1,Sentinel-2
PR-0168,Palotina,PR,trigo,2690.6,2023-01-31,0.574,0.068,0.494,1.6,Sentinel-2
PR-0168,Palotina,PR,trigo,2690.6,2023-03-02,0.749,0.054,0.649,0.1,Sentinel-2
PR-0168,Palotina,PR,trigo,2690.6,2023-04-01,0.697,0.022,0.593,3.2,Sentinel-2
PR-0168,Palotina,PR,trigo,2690.6,2023-05-01,0.564,0.041,0.495,3.7,Sentinel-2
PR-0168,Palotina,PR,trigo,2690.6,2023-05-31,0.437,0.052,0.369,3.9,Sentinel-2
PR-0168,Palotina,PR,trigo,2690.6,2023-06-30,0.614,0.053,0.534,7.1,Sentinel-2
PR-0168,Palotina,PR,trigo,2690.6,2023-07-30,0.514,0.085,0.432,1.7,Sentinel-2
PR-0168,Palotina,PR,trigo,2690.6,2023-08-29,0.5,0.016,0.457,3.4,Sentinel-2
PR-0168,Palotina,PR,trigo,2690.6,2023-09-28,0.713,0.051,0.56,1.8,Sentinel-2
PR-0168,Palotina,PR,trigo,2690.6,2023-10-28,0.644,0.054,0.569,2.3,Sentinel-2
PR-0168,Palotina,PR,trigo,2690.6,2023-11-27,0.78,0.088,0.651,19.0,Sentinel-2
PR-0169,Campo Mourão,PR,trigo,1373.0,2023-01-01,0.685,0.056,0.555,5.6,Sentinel-2
PR-0169,Campo Mourão,PR,trigo,1373.0,2023-01-31,0.774,0.087,0.677,9.5,Sentinel-2
PR-0169,Campo Mourão,PR,trigo,1373.0,2023-03-02,0.673,0.064,0.553,9.5,Sentinel-2
PR-0169,Campo Mourão,PR,trigo,1373.0,2023-04-01,0.571,0.059,0.477,9.2,Sentinel-2
PR-0169,Campo Mourão,PR,trigo,1373.0,2023-05-01,0.771,0.021,0.688,3.9,Sentinel-2
PR-0169,Campo Mourão,PR,trigo,1373.0,2023-05-31,0.728,0.064,0.614,2.5,Sentinel-2
PR-0169,Campo Mourão,PR,trigo,1373.0,2023-06-30,0.596,0.071,0.525,16.9,Sentinel-2
PR-0169,Campo Mourão,PR,trigo,1373.0,2023-07-30,0.736,0.066,0.619,9.8,Sentinel-2
PR-0169,Campo Mourão,PR,trigo,1373.0,2023-08-29,0.478,0.057,0.421,6.4,Sentinel-2
PR-0169,Campo Mourão,PR,trigo,1373.0,2023-09-28,0.82,0.063,0.718,2.2,Sentinel-2
PR-0169,Campo Mourão,PR,trigo,1373.0,2023-10-28,0.71,0.063,0.652,2.5,Sentinel-2
PR-0169,Campo Mourão,PR,trigo,1373.0,2023-11-27,0.482,0.067,0.391,2.3,Sentinel-2
PR-0170,Palotina,PR,algodão,392.7,2023-01-01,0.366,0.02,0.297,17.2,Sentinel-2
PR-0170,Palotina,PR,algodão,392.7,2023-01-31,0.881,0.059,0.777,18.3,Sentinel-2
PR-0170,Palotina,PR,algodão,392.7,2023-03-02,0.495,0.116,0.429,3.5,Sentinel-2
PR-0170,Palotina,PR,algodão,392.7,2023-04-01,0.587,0.058,0.494,2.4,Sentinel-2
PR-0170,Palotina,PR,algodão,392.7,2023-05-01,0.709,0.063,0.649,7.0,Sentinel-2
PR-0170,Palotina,PR,algodão,392.7,2023-05-31,0.293,0.055,0.225,23.3,Sentinel-2
PR-0170,Palotina,PR,algodão,392.7,2023-06-30,0.512,0.088,0.434,4.7,Sentinel-2
PR-0170,Palotina,PR,algodão,392.7,2023-07-30,0.466,0.054,0.418,7.9,Sentinel-2
PR-0170,Palotina,PR,algodão,392.7,2023-08-29,0.602,0.044,0.493,4.6,Sentinel-2
PR-0170,Palotina,PR,algodão,392.7,2023-09-28,0.67,0.074,0.601,5.5,Sentinel-2
PR-0170,Palotina,PR,algodão,392.7,2023-10-28,0.369,0.069,0.332,23.0,Sentinel-2
PR-0170,Palotina,PR,algodão,392.7,2023-11-27,0.751,0.067,0.668,3.0,Sentinel-2
PR-0171,Marechal Cândido Rondon,PR,cana-de-açúcar,2077.7,2023-01-01,0.782,0.063,0.681,28.2,Sentinel-2
PR-0171,Marechal Cândido Rondon,PR,cana-de-açúcar,2077.7,2023-01-31,0.947,0.08,0.838,10.4,Sentinel-2
PR-0171,Marechal Cândido Rondon,PR,cana-de-açúcar,2077.7,2023-03-02,0.794,0.035,0.687,14.0,Sentinel-2
PR-0171,Marechal Cândido Rondon,PR,cana-de-açúcar,2077.7,2023-04-01,0.763,0.062,0.635,0.4,Sentinel-2
PR-0171,Marechal Cândido Rondon,PR,cana-de-açúcar,2077.7,2023-05-01,0.67,0.068,0.601,0.1,Sentinel-2
PR-0171,Marechal Cândido Rondon,PR,cana-de-açúcar,2077.7,2023-05-31,0.769,0.109,0.658,0.9,Sentinel-2
PR-0171,Marechal Cândido Rondon,PR,cana-de-açúcar,2077.7,2023-06-30,0.663,0.042,0.573,5.2,Sentinel-2
PR-0171,Marechal Cândido Rondon,PR,cana-de-açúcar,2077.7,2023-07-30,0.612,0.04,0.524,1.4,Sentinel-2
PR-0171,Marechal Cândido Rondon,PR,cana-de-açúcar,2077.7,2023-08-29,0.644,0.07,0.589,7.9,Sentinel-2
PR-0171,Marechal Cândido Rondon,PR,cana-de-açúcar,2077.7,2023-09-28,0.798,0.087,0.72,0.9,Sentinel-2
PR-0171,Marechal Cândido Rondon,PR,cana-de-açúcar,2077.7,2023-10-28,0.719,0.083,0.631,19.5,Sentinel-2
PR-0171,Marechal Cândido Rondon,PR,cana-de-açúcar,2077.7,2023-11-27,0.707,0.081,0.619,1.3,Sentinel-2
PR-0172,Umuarama,PR,milho,2769.0,2023-01-01,0.456,0.031,0.416,37.5,Sentinel-2
PR-0172,Umuarama,PR,milho,2769.0,2023-01-31,0.449,0.068,0.44,2.6,Sentinel-2
PR-0172,Umuarama,PR,milho,2769.0,2023-03-02,0.626,0.068,0.515,0.7,Sentinel-2
PR-0172,Umuarama,PR,milho,2769.0,2023-04-01,0.74,0.071,0.647,4.5,Sentinel-2
PR-0172,Umuarama,PR,milho,2769.0,2023-05-01,0.411,0.071,0.32,9.3,Sentinel-2
PR-0172,Umuarama,PR,milho,2769.0,2023-05-31,0.565,0.048,0.48,16.7,Sentinel-2
PR-0172,Umuarama,PR,milho,2769.0,2023-06-30,0.431,0.083,0.365,19.0,Sentinel-2
PR-0172,Umuarama,PR,milho,2769.0,2023-07-30,0.519,0.071,0.418,15.8,Sentinel-2
PR-0172,Umuarama,PR,milho,2769.0,2023-08-29,0.656,0.055,0.578,4.7,Sentinel-2
PR-0172,Umuarama,PR,milho,2769.0,2023-09-28,0.584,0.076,0.456,13.5,Sentinel-2
PR-0172,Umuarama,PR,milho,2769.0,2023-10-28,0.626,0.074,0.543,3.1,Sentinel-2
PR-0172,Umuarama,PR,milho,2769.0,2023-11-27,0.464,0.084,0.428,3.5,Sentinel-2
PR-0173,Maringá,PR,cana-de-açúcar,1469.8,2023-01-01,0.497,0.043,0.464,20.4,Sentinel-2
PR-0173,Maringá,PR,cana-de-açúcar,1469.8,2023-01-31,0.765,0.041,0.682,6.2,Sentinel-2
PR-0173,Maringá,PR,cana-de-açúcar,1469.8,2023-03-02,0.489,0.061,0.426,10.0,Sentinel-2
PR-0173,Maringá,PR,cana-de-açúcar,1469.8,2023-04-01,0.637,0.026,0.549,13.3,Sentinel-2
PR-0173,Maringá,PR,cana-de-açúcar,1469.8,2023-05-01,0.527,0.068,0.45,15.2,Sentinel-2
PR-0173,Maringá,PR,cana-de-açúcar,1469.8,2023-05-31,0.566,0.045,0.51,1.1,Sentinel-2
PR-0173,Maringá,PR,cana-de-açúcar,1469.8,2023-06-30,0.673,0.088,0.56,12.1,Sentinel-2
PR-0173,Maringá,PR,cana-de-açúcar,1469.8,2023-07-30,0.654,0.074,0.586,14.4,Sentinel-2
PR-0173,Maringá,PR,cana-de-açúcar,1469.8,2023-08-29,0.322,0.045,0.268,2.0,Sentinel-2
PR-0173,Maringá,PR,cana-de-açúcar,1469.8,2023-09-28,0.629,0.06,0.538,9.5,Sentinel-2
PR-0173,Maringá,PR,cana-de-açúcar,1469.8,2023-10-28,0.691,0.085,0.594,0.4,Sentinel-2
PR-0173,Maringá,PR,cana-de-açúcar,1469.8,2023-11-27,0.511,0.081,0.461,5.2,Sentinel-2
PR-0174,Guarapuava,PR,milho,139.0,2023-01-01,0.737,0.072,0.679,4.3,Sentinel-2
PR-0174,Guarapuava,PR,milho,139.0,2023-01-31,0.698,0.062,0.585,1.2,Sentinel-2
PR-0174,Guarapuava,PR,milho,139.0,2023-03-02,0.392,0.052,0.309,4.7,Sentinel-2
PR-0174,Guarapuava,PR,milho,139.0,2023-04-01,0.716,0.058,0.62,0.9,Sentinel-2
PR-0174,Guarapuava,PR,milho,139.0,2023-05-01,0.76,0.071,0.651,1.4,Sentinel-2
PR-0174,Guarapuava,PR,milho,139.0,2023-05-31,0.555,0.043,0.495,23.7,Sentinel-2
PR-0174,Guarapuava,PR,milho,139.0,2023-06-30,0.419,0.069,0.363,2.9,Sentinel-2
PR-0174,Guarapuava,PR,milho,139.0,2023-07-30,0.756,0.067,0.704,2.5,Sentinel-2
PR-0174,Guarapuava,PR,milho,139.0,2023-08-29,0.698,0.071,0.639,4.1,Sentinel-2
PR-0174,Guarapuava,PR,milho,139.0,2023-09-28,0.62,0.079,0.546,13.8,Sentinel-2
PR-0174,Guarapuava,PR,milho,139.0,2023-10-28,0.842,0.056,0.759,5.2,Sentinel-2
PR-0174,Guarapuava,PR,milho,139.0,2023-11-27,0.766,0.048,0.65,3.8,Sentinel-2
PR-0175,Cascavel,PR,trigo,1957.6,2023-01-01,0.644,0.069,0.537,3.3,Sentinel-2
PR-0175,Cascavel,PR,trigo,1957.6,2023-01-31,0.795,0.061,0.704,0.9,Sentinel-2
PR-0175,Cascavel,PR,trigo,1957.6,2023-03-02,0.654,0.063,0.58,1.8,Sentinel-2
PR-0175,Cascavel,PR,trigo,1957.6,2023-04-01,0.612,0.073,0.526,0.7,Sentinel-2
PR-0175,Cascavel,PR,trigo,1957.6,2023-05-01,0.54,0.057,0.493,0.4,Sentinel-2
PR-0175,Cascavel,PR,trigo,1957.6,2023-05-31,0.559,0.074,0.496,31.5,Sentinel-2
PR-0175,Cascavel,PR,trigo,1957.6,2023-06-30,0.573,0.01,0.481,4.0,Sentinel-2
PR-0175,Cascavel,PR,trigo,1957.6,2023-07-30,0.57,0.053,0.504,9.0,Sentinel-2
PR-0175,Cascavel,PR,trigo,1957.6,2023-08-29,0.455,0.097,0.373,11.9,Sentinel-2
PR-0175,Cascavel,PR,trigo,1957.6,2023-09-28,0.647,0.095,0.568,5.2,Sentinel-2
PR-0175,Cascavel,PR,trigo,1957.6,2023-10-28,0.671,0.056,0.599,0.7,Sentinel-2
PR-0175,Cascavel,PR,trigo,1957.6,2023-11-27,0.791,0.025,0.653,2.1,Sentinel-2
PR-0176,Palotina,PR,milho,2318.0,2023-01-01,0.821,0.059,0.742,5.9,Sentinel-2
PR-0176,Palotina,PR,milho,2318.0,2023-01-31,0.672,0.063,0.563,1.1,Sentinel-2
PR-0176,Palotina,PR,milho,2318.0,2023-03-02,0.637,0.087,0.56,10.0,Sentinel-2
PR-0176,Palotina,PR,milho,2318.0,2023-04-01,0.667,0.054,0.567,46.5,Sentinel-2
PR-0176,Palotina,PR,milho,2318.0,2023-05-01,0.363,0.029,0.257,0.8,Sentinel-2
PR-0176,Palotina,PR,milho,2318.0,2023-05-31,0.442,0.094,0.388,3.0,Sentinel-2
PR-0176,Palotina,PR,milho,2318.0,2023-06-30,0.744,0.034,0.666,4.9,Sentinel-2
PR-0176,Palotina,PR,milho,2318.0,2023-07-30,0.514,0.068,0.462,0.6,Sentinel-2
PR-0176,Palotina,PR,milho,2318.0,2023-08-29,0.501,0.051,0.464,4.9,Sentinel-2
PR-0176,Palotina,PR,milho,2318.0,2023-09-28,0.762,0.115,0.658,11.5,Sentinel-2
PR-0176,Palotina,PR,milho,2318.0,2023-10-28,0.425,0.076,0.42,5.4,Sentinel-2
PR-0176,Palotina,PR,milho,2318.0,2023-11-27,0.562,0.049,0.501,4.2,Sentinel-2
PR-0177,Guarapuava,PR,milho,1350.4,2023-01-01,0.596,0.019,0.497,5.6,Sentinel-2
PR-0177,Guarapuava,PR,milho,1350.4,2023-01-31,0.56,0.057,0.527,9.2,Sentinel-2
PR-0177,Guarapuava,PR,milho,1350.4,2023-03-02,0.305,0.04,0.264,13.8,Sentinel-2
PR-0177,Guarapuava,PR,milho,1350.4,2023-04-01,0.34,0.099,0.298,2.7,Sentinel-2
PR-0177,Guarapuava,PR,milho,1350.4,2023-05-01,0.416,0.077,0.38,5.0,Sentinel-2
PR-0177,Guarapuava,PR,milho,1350.4,2023-05-31,0.403,0.079,0.363,8.2,Sentinel-2
PR-0177,Guarapuava,PR,milho,1350.4,2023-06-30,0.459,0.047,0.427,20.0,Sentinel-2
PR-0177,Guarapuava,PR,milho,1350.4,2023-07-30,0.45,0.09,0.375,1.8,Sentinel-2
PR-0177,Guarapuava,PR,milho,1350.4,2023-08-29,0.3,0.075,0.284,9.7,Sentinel-2
PR-0177,Guarapuava,PR,milho,1350.4,2023-09-28,0.427,0.044,0.374,0.3,Sentinel-2
PR-0177,Guarapuava,PR,milho,1350.4,2023-10-28,0.505,0.079,0.429,0.3,Sentinel-2
PR-0177,Guarapuava,PR,milho,1350.4,2023-11-27,0.349,0.044,0.292,22.0,Sentinel-2
PR-0178,Campo Mourão,PR,cana-de-açúcar,2936.8,2023-01-01,0.921,0.073,0.83,2.5,Sentinel-2
PR-0178,Campo Mourão,PR,cana-de-açúcar,2936.8,2023-01-31,0.71,0.055,0.611,0.6,Sentinel-2
PR-0178,Campo Mourão,PR,cana-de-açúcar,2936.8,2023-03-02,0.687,0.069,0.588,6.0,Sentinel-2
PR-0178,Campo Mourão,PR,cana-de-açúcar,2936.8,2023-04-01,0.573,0.053,0.485,14.2,Sentinel-2
PR-0178,Campo Mourão,PR,cana-de-açúcar,2936.8,2023-05-01,0.832,0.084,0.706,1.4,Sentinel-2
PR-0178,Campo Mourão,PR,cana-de-açúcar,2936.8,2023-05-31,0.796,0.048,0.71,5.2,Sentinel-2
PR-0178,Campo Mourão,PR,cana-de-açúcar,2936.8,2023-06-30,0.65,0.049,0.559,9.4,Sentinel-2
PR-0178,Campo Mourão,PR,cana-de-açúcar,2936.8,2023-07-30,0.59,0.058,0.515,12.2,Sentinel-2
PR-0178,Campo Mourão,PR,cana-de-açúcar,2936.8,2023-08-29,0.64,0.055,0.543,3.1,Sentinel-2
PR-0178,Campo Mourão,PR,cana-de-açúcar,2936.8,2023-09-28,0.642,0.107,0.554,10.9,Sentinel-2
PR-0178,Campo Mourão,PR,cana-de-açúcar,2936.8,2023-10-28,0.743,0.043,0.66,1.3,Sentinel-2
PR-0178,Campo Mourão,PR,cana-de-açúcar,2936.8,2023-11-27,0.831,0.066,0.715,28.0,Sentinel-2
PR-0179,Londrina,PR,trigo,1586.0,2023-01-01,0.913,0.056,0.812,8.1,Sentinel-2
PR-0179,Londrina,PR,trigo,1586.0,2023-01-31,0.528,0.055,0.457,11.0,Sentinel-2
PR-0179,Londrina,PR,trigo,1586.0,2023-03-02,0.715,0.089,0.626,1.9,Sentinel-2
PR-0179,Londrina,PR,trigo,1586.0,2023-04-01,0.503,0.063,0.45,9.1,Sentinel-2
PR-0179,Londrina,PR,trigo,1586.0,2023-05-01,0.672,0.055,0.573,2.9,Sentinel-2
PR-0179,Londrina,PR,trigo,1586.0,2023-05-31,0.64,0.064,0.548,5.5,Sentinel-2
PR-0179,Londrina,PR,trigo,1586.0,2023-06-30,0.684,0.06,0.572,4.4,Sentinel-2
PR-0179,Londrina,PR,trigo,1586.0,2023-07-30,0.736,0.078,0.637,20.9,Sentinel-2
PR-0179,Londrina,PR,trigo,1586.0,2023-08-29,0.467,0.065,0.395,4.6,Sentinel-2
PR-0179,Londrina,PR,trigo,1586.0,2023-09-28,0.629,0.054,0.576,9.1,Sentinel-2
PR-0179,Londrina,PR,trigo,1586.0,2023-10-28,0.536,0.037,0.507,0.8,Sentinel-2
PR-0179,Londrina,PR,trigo,1586.0,2023-11-27,0.559,0.092,0.506,0.8,Sentinel-2
PR-0180,Cascavel,PR,algodão,2800.9,2023-01-01,0.383,0.061,0.341,4.7,Sentinel-2
PR-0180,Cascavel,PR,algodão,2800.9,2023-01-31,0.574,0.056,0.497,2.7,Sentinel-2
PR-0180,Cascavel,PR,algodão,2800.9,2023-03-02,0.519,0.067,0.433,1.7,Sentinel-2
PR-0180,Cascavel,PR,algodão,2800.9,2023-04-01,0.636,0.05,0.555,27.4,Sentinel-2
PR-0180,Cascavel,PR,algodão,2800.9,2023-05-01,0.635,0.049,0.566,10.8,Sentinel-2
PR-0180,Cascavel,PR,algodão,2800.9,2023-05-31,0.337,0.079,0.294,2.0,Sentinel-2
PR-0180,Cascavel,PR,algodão,2800.9,2023-06-30,0.464,0.1,0.4,12.7,Sentinel-2
PR-0180,Cascavel,PR,algodão,2800.9,2023-07-30,0.767,0.047,0.675,18.4,Sentinel-2
PR-0180,Cascavel,PR,algodão,2800.9,2023-08-29,0.5,0.062,0.446,13.6,Sentinel-2
PR-0180,Cascavel,PR,algodão,2800.9,2023-09-28,0.703,0.072,0.587,3.3,Sentinel-2
PR-0180,Cascavel,PR,algodão,2800.9,2023-10-28,0.95,0.044,0.829,1.7,Sentinel-2
PR-0180,Cascavel,PR,algodão,2800.9,2023-11-27,0.95,0.037,0.797,12.9,Sentinel-2
PR-0181,Guarapuava,PR,cana-de-açúcar,430.2,2023-01-01,0.655,0.058,0.59,4.6,Sentinel-2
PR-0181,Guarapuava,PR,cana-de-açúcar,430.2,2023-01-31,0.538,0.089,0.49,5.6,Sentinel-2
PR-0181,Guarapuava,PR,cana-de-açúcar,430.2,2023-03-02,0.493,0.034,0.445,2.4,Sentinel-2
PR-0181,Guarapuava,PR,cana-de-açúcar,430.2,2023-04-01,0.495,0.014,0.414,1.8,Sentinel-2
PR-0181,Guarapuava,PR,cana-de-açúcar,430.2,2023-05-01,0.6,0.072,0.504,0.2,Sentinel-2
PR-0181,Guarapuava,PR,cana-de-açúcar,430.2,2023-05-31,0.433,0.048,0.333,0.7,Sentinel-2
PR-0181,Guarapuava,PR,cana-de-açúcar,430.2,2023-06-30,0.41,0.082,0.372,8.0,Sentinel-2
PR-0181,Guarapuava,PR,cana-de-açúcar,430.2,2023-07-30,0.592,0.051,0.527,18.3,Sentinel-2
PR-0181,Guarapuava,PR,cana-de-açúcar,430.2,2023-08-29,0.488,0.084,0.425,12.3,Sentinel-2
PR-0181,Guarapuava,PR,cana-de-açúcar,430.2,2023-09-28,0.757,0.064,0.629,2.6,Sentinel-2
PR-0181,Guarapuava,PR,cana-de-açúcar,430.2,2023-10-28,0.716,0.049,0.606,0.9,Sentinel-2
PR-0181,Guarapuava,PR,cana-de-açúcar,430.2,2023-11-27,0.51,0.034,0.45,0.9,Sentinel-2
PR-0182,Umuarama,PR,trigo,2689.1,2023-01-01,0.838,0.078,0.74,0.8,Sentinel-2
PR-0182,Umuarama,PR,trigo,2689.1,2023-01-31,0.611,0.066,0.512,5.3,Sentinel-2
PR-0182,Umuarama,PR,trigo,2689.1,2023-03-02,0.597,0.05,0.482,8.0,Sentinel-2
PR-0182,Umuarama,PR,trigo,2689.1,2023-04-01,0.761,0.049,0.666,2.8,Sentinel-2
PR-0182,Umuarama,PR,trigo,2689.1,2023-05-01,0.703,0.043,0.585,1.0,Sentinel-2
PR-0182,Umuarama,PR,trigo,2689.1,2023-05-31,0.411,0.05,0.373,42.3,Sentinel-2
PR-0182,Umuarama,PR,trigo,2689.1,2023-06-30,0.561,0.059,0.473,1.0,Sentinel-2
PR-0182,Umuarama,PR,trigo,2689.1,2023-07-30,0.559,0.041,0.471,5.8,Sentinel-2
PR-0182,Umuarama,PR,trigo,2689.1,2023-08-29,0.575,0.046,0.472,0.2,Sentinel-2
PR-0182,Umuarama,PR,trigo,2689.1,2023-09-28,0.827,0.065,0.726,9.4,Sentinel-2
PR-0182,Umuarama,PR,trigo,2689.1,2023-10-28,0.712,0.071,0.622,9.9,Sentinel-2
PR-0182,Umuarama,PR,trigo,2689.1,2023-11-27,0.696,0.047,0.587,13.2,Sentinel-2
PR-0183,Londrina,PR,algodão,2841.7,2023-01-01,0.6,0.073,0.54,26.1,Sentinel-2
PR-0183,Londrina,PR,algodão,2841.7,2023-01-31,0.43,0.088,0.395,7.1,Sentinel-2
PR-0183,Londrina,PR,algodão,2841.7,2023-03-02,0.645,0.072,0.557,4.7,Sentinel-2
PR-0183,Londrina,PR,algodão,2841.7,2023-04-01,0.464,0.047,0.394,3.1,Sentinel-2
PR-0183,Londrina,PR,algodão,2841.7,2023-05-01,0.62,0.072,0.545,18.3,Sentinel-2
PR-0183,Londrina,PR,algodão,2841.7,2023-05-31,0.635,0.069,0.533,17.6,Sentinel-2
PR-0183,Londrina,PR,algodão,2841.7,2023-06-30,0.616,0.056,0.513,16.8,Sentinel-2
PR-0183,Londrina,PR,algodão,2841.7,2023-07-30,0.615,0.083,0.527,4.1,Sentinel-2
PR-0183,Londrina,PR,algodão,2841.7,2023-08-29,0.698,0.084,0.595,2.3,Sentinel-2
PR-0183,Londrina,PR,algodão,2841.7,2023-09-28,0.636,0.064,0.572,1.3,Sentinel-2
PR-0183,Londrina,PR,algodão,2841.7,2023-10-28,0.593,0.063,0.504,1.9,Sentinel-2
PR-0183,Londrina,PR,algodão,2841.7,2023-11-27,0.409,0.044,0.348,2.1,Sentinel-2
PR-0184,Toledo,PR,cana-de-açúcar,886.7,2023-01-01,0.709,0.058,0.612,17.2,Sentinel-2
PR-0184,Toledo,PR,cana-de-açúcar,886.7,2023-01-31,0.871,0.065,0.752,17.9,Sentinel-2
PR-0184,Toledo,PR,cana-de-açúcar,886.7,2023-03-02,0.617,0.076,0.529,1.8,Sentinel-2
PR-0184,Toledo,PR,cana-de-açúcar,886.7,2023-04-01,0.822,0.068,0.693,37.1,Sentinel-2
PR-0184,Toledo,PR,cana-de-açúcar,886.7,2023-05-01,0.629,0.065,0.556,3.9,Sentinel-2
PR-0184,Toledo,PR,cana-de-açúcar,886.7,2023-05-31,0.74,0.045,0.637,8.3,Sentinel-2
PR-0184,Toledo,PR,cana-de-açúcar,886.7,2023-06-30,0.835,0.013,0.741,14.7,Sentinel-2
PR-0184,Toledo,PR,cana-de-açúcar,886.7,2023-07-30,0.631,0.025,0.574,20.0,Sentinel-2
PR-0184,Toledo,PR,cana-de-açúcar,886.7,2023-08-29,0.796,0.067,0.7,13.0,Sentinel-2
PR-0184,Toledo,PR,cana-de-açúcar,886.7,2023-09-28,0.767,0.057,0.651,11.2,Sentinel-2
PR-0184,Toledo,PR,cana-de-açúcar,886.7,2023-10-28,0.657,0.075,0.561,4.0,Sentinel-2
PR-0184,Toledo,PR,cana-de-açúcar,886.7,2023-11-27,0.864,0.053,0.731,15.1,Sentinel-2
PR-0185,Toledo,PR,trigo,2816.2,2023-01-01,0.684,0.061,0.604,3.1,Sentinel-2
PR-0185,Toledo,PR,trigo,2816.2,2023-01-31,0.653,0.052,0.549,1.5,Sentinel-2
PR-0185,Toledo,PR,trigo,2816.2,2023-03-02,0.736,0.1,0.611,36.5,Sentinel-2
PR-0185,Toledo,PR,trigo,2816.2,2023-04-01,0.824,0.097,0.701,2.4,Sentinel-2
PR-0185,Toledo,PR,trigo,2816.2,2023-05-01,0.582,0.051,0.513,3.2,Sentinel-2
PR-0185,Toledo,PR,trigo,2816.2,2023-05-31,0.556,0.032,0.46,2.5,Sentinel-2
PR-0185,Toledo,PR,trigo,2816.2,2023-06-30,0.599,0.07,0.511,15.8,Sentinel-2
PR-0185,Toledo,PR,trigo,2816.2,2023-07-30,0.584,0.061,0.466,27.0,Sentinel-2
PR-0185,Toledo,PR,trigo,2816.2,2023-08-29,0.468,0.071,0.424,6.9,Sentinel-2
PR-0185,Toledo,PR,trigo,2816.2,2023-09-28,0.744,0.031,0.601,3.1,Sentinel-2
PR-0185,Toledo,PR,trigo,2816.2,2023-10-28,0.641,0.046,0.556,0.7,Sentinel-2
PR-0185,Toledo,PR,trigo,2816.2,2023-11-27,0.742,0.022,0.631,8.6,Sentinel-2
PR-0186,Palotina,PR,soja,271.7,2023-01-01,0.585,0.061,0.517,1.7,Sentinel-2
PR-0186,Palotina,PR,soja,271.7,2023-01-31,0.751,0.071,0.661,7.1,Sentinel-2
PR-0186,Palotina,PR,soja,271.7,2023-03-02,0.375,0.053,0.328,4.8,Sentinel-2
PR-0186,Palotina,PR,soja,271.7,2023-04-01,0.484,0.073,0.44,19.6,Sentinel-2
PR-0186,Palotina,PR,soja,271.7,2023-05-01,0.509,0.079,0.482,5.8,Sentinel-2
PR-0186,Palotina,PR,soja,271.7,2023-05-31,0.459,0.062,0.386,2.6,Sentinel-2
PR-0186,Palotina,PR,soja,271.7,2023-06-30,0.534,0.075,0.484,1.3,Sentinel-2
PR-0186,Palotina,PR,soja,271.7,2023-07-30,0.384,0.084,0.311,2.2,Sentinel-2
PR-0186,Palotina,PR,soja,271.7,2023-08-29,0.541,0.052,0.499,4.8,Sentinel-2
PR-0186,Palotina,PR,soja,271.7,2023-09-28,0.596,0.056,0.564,0.7,Sentinel-2
PR-0186,Palotina,PR,soja,271.7,2023-10-28,0.518,0.065,0.427,0.4,Sentinel-2
PR-0186,Palotina,PR,soja,271.7,2023-11-27,0.568,0.059,0.503,8.4,Sentinel-2
PR-0187,Londrina,PR,milho,917.3,2023-01-01,0.573,0.074,0.48,0.9,Sentinel-2
PR-0187,Londrina,PR,milho,917.3,2023-01-31,0.439,0.074,0.387,0.9,Sentinel-2
PR-0187,Londrina,PR,milho,917.3,2023-03-02,0.721,0.088,0.614,6.1,Sentinel-2
PR-0187,Londrina,PR,milho,917.3,2023-04-01,0.49,0.053,0.467,9.6,Sentinel-2
PR-0187,Londrina,PR,milho,917.3,2023-05-01,0.351,0.071,0.312,9.4,Sentinel-2
PR-0187,Londrina,PR,milho,917.3,2023-05-31,0.67,0.048,0.583,1.8,Sentinel-2
PR-0187,Londrina,PR,milho,917.3,2023-06-30,0.328,0.036,0.285,1.6,Sentinel-2
PR-0187,Londrina,PR,milho,917.3,2023-07-30,0.459,0.083,0.384,10.7,Sentinel-2
PR-0187,Londrina,PR,milho,917.3,2023-08-29,0.56,0.036,0.502,1.5,Sentinel-2
PR-0187,Londrina,PR,milho,917.3,2023-09-28,0.689,0.049,0.619,26.2,Sentinel-2
PR-0187,Londrina,PR,milho,917.3,2023-10-28,0.466,0.042,0.459,17.0,Sentinel-2
PR-0187,Londrina,PR,milho,917.3,2023-11-27,0.572,0.076,0.528,0.1,Sentinel-2
PR-0188,Campo Mourão,PR,cana-de-açúcar,1770.3,2023-01-01,0.671,0.044,0.588,9.1,Sentinel-2
PR-0188,Campo Mourão,PR,cana-de-açúcar,1770.3,2023-01-31,0.605,0.056,0.54,5.6,Sentinel-2
PR-0188,Campo Mourão,PR,cana-de-açúcar,1770.3,2023-03-02,0.605,0.025,0.555,3.3,Sentinel-2
PR-0188,Campo Mourão,PR,cana-de-açúcar,1770.3,2023-04-01,0.695,0.041,0.606,6.3,Sentinel-2
PR-0188,Campo Mourão,PR,cana-de-açúcar,1770.3,2023-05-01,0.484,0.047,0.385,2.9,Sentinel-2
PR-0188,Campo Mourão,PR,cana-de-açúcar,1770.3,2023-05-31,0.563,0.048,0.511,8.7,Sentinel-2
PR-0188,Campo Mourão,PR,cana-de-açúcar,1770.3,2023-06-30,0.635,0.031,0.536,5.9,Sentinel-2
PR-0188,Campo Mourão,PR,cana-de-açúcar,1770.3,2023-07-30,0.527,0.053,0.45,4.2,Sentinel-2
PR-0188,Campo Mourão,PR,cana-de-açúcar,1770.3,2023-08-29,0.574,0.123,0.496,6.9,Sentinel-2
PR-0188,Campo Mourão,PR,cana-de-açúcar,1770.3,2023-09-28,0.618,0.053,0.517,1.8,Sentinel-2
PR-0188,Campo Mourão,PR,cana-de-açúcar,1770.3,2023-10-28,0.772,0.084,0.664,2.6,Sentinel-2
PR-0188,Campo Mourão,PR,cana-de-açúcar,1770.3,2023-11-27,0.63,0.042,0.53,19.5,Sentinel-2
PR-0189,Ponta Grossa,PR,milho,832.7,2023-01-01,0.771,0.047,0.615,3.0,Sentinel-2
PR-0189,Ponta Grossa,PR,milho,832.7,2023-01-31,0.87,0.083,0.763,3.4,Sentinel-2
PR-0189,Ponta Grossa,PR,milho,832.7,2023-03-02,0.583,0.046,0.456,12.6,Sentinel-2
PR-0189,Ponta Grossa,PR,milho,832.7,2023-04-01,0.768,0.047,0.719,5.5,Sentinel-2
PR-0189,Ponta Grossa,PR,milho,832.7,2023-05-01,0.547,0.039,0.506,7.8,Sentinel-2
PR-0189,Ponta Grossa,PR,milho,832.7,2023-05-31,0.853,0.051,0.728,2.7,Sentinel-2
PR-0189,Ponta Grossa,PR,milho,832.7,2023-06-30,0.607,0.057,0.543,7.2,Sentinel-2
PR-0189,Ponta Grossa,PR,milho,832.7,2023-07-30,0.625,0.076,0.549,4.5,Sentinel-2
PR-0189,Ponta Grossa,PR,milho,832.7,2023-08-29,0.598,0.059,0.52,2.7,Sentinel-2
PR-0189,Ponta Grossa,PR,milho,832.7,2023-09-28,0.791,0.079,0.666,11.7,Sentinel-2
PR-0189,Ponta Grossa,PR,milho,832.7,2023-10-28,0.709,0.067,0.608,1.8,Sentinel-2
PR-0189,Ponta Grossa,PR,milho,832.7,2023-11-27,0.95,0.053,0.822,2.0,Sentinel-2
PR-0190,Maringá,PR,trigo,783.7,2023-01-01,0.246,0.084,0.227,2.9,Sentinel-2
PR-0190,Maringá,PR,trigo,783.7,2023-01-31,0.55,0.05,0.502,9.1,Sentinel-2
PR-0190,Maringá,PR,trigo,783.7,2023-03-02,0.436,0.084,0.374,1.2,Sentinel-2
PR-0190,Maringá,PR,trigo,783.7,2023-04-01,0.433,0.044,0.371,0.7,Sentinel-2
PR-0190,Maringá,PR,trigo,783.7,2023-05-01,0.279,0.049,0.224,16.7,Sentinel-2
PR-0190,Maringá,PR,trigo,783.7,2023-05-31,0.39,0.05,0.343,4.7,Sentinel-2
PR-0190,Maringá,PR,trigo,783.7,2023-06-30,0.32,0.103,0.274,4.5,Sentinel-2
PR-0190,Maringá,PR,trigo,783.7,2023-07-30,0.3,0.042,0.271,0.2,Sentinel-2
PR-0190,Maringá,PR,trigo,783.7,2023-08-29,0.162,0.042,0.112,7.6,Sentinel-2
PR-0190,Maringá,PR,trigo,783.7,2023-09-28,0.588,0.055,0.526,5.7,Sentinel-2
PR-0190,Maringá,PR,trigo,783.7,2023-10-28,0.596,0.078,0.503,11.3,Sentinel-2
PR-0190,Maringá,PR,trigo,783.7,2023-11-27,0.463,0.044,0.416,0.0,Sentinel-2
PR-0191,Ponta Grossa,PR,cana-de-açúcar,2525.6,2023-01-01,0.909,0.073,0.781,0.8,Sentinel-2
PR-0191,Ponta Grossa,PR,cana-de-açúcar,2525.6,2023-01-31,0.684,0.054,0.618,3.2,Sentinel-2
PR-0191,Ponta Grossa,PR,cana-de-açúcar,2525.6,2023-03-02,0.887,0.072,0.757,0.4,Sentinel-2
PR-0191,Ponta Grossa,PR,cana-de-açúcar,2525.6,2023-04-01,0.619,0.063,0.549,10.8,Sentinel-2
PR-0191,Ponta Grossa,PR,cana-de-açúcar,2525.6,2023-05-01,0.606,0.06,0.51,2.9,Sentinel-2
PR-0191,Ponta Grossa,PR,cana-de-açúcar,2525.6,2023-05-31,0.513,0.038,0.502,0.1,Sentinel-2
PR-0191,Ponta Grossa,PR,cana-de-açúcar,2525.6,2023-06-30,0.533,0.063,0.464,7.4,Sentinel-2
PR-0191,Ponta Grossa,PR,cana-de-açúcar,2525.6,2023-07-30,0.671,0.067,0.59,1.8,Sentinel-2
PR-0191,Ponta Grossa,PR,cana-de-açúcar,2525.6,2023-08-29,0.502,0.066,0.43,1.0,Sentinel-2
PR-0191,Ponta Grossa,PR,cana-de-açúcar,2525.6,2023-09-28,0.761,0.013,0.694,13.7,Sentinel-2
PR-0191,Ponta Grossa,PR,cana-de-açúcar,2525.6,2023-10-28,0.812,0.039,0.719,15.7,Sentinel-2
PR-0191,Ponta Grossa,PR,cana-de-açúcar,2525.6,2023-11-27,0.627,0.044,0.532,8.1,Sentinel-2
PR-0192,Marechal Cândido Rondon,PR,milho,2464.7,2023-01-01,0.774,0.089,0.652,2.7,Sentinel-2
PR-0192,Marechal Cândido Rondon,PR,milho,2464.7,2023-01-31,0.641,0.035,0.513,5.4,Sentinel-2
PR-0192,Marechal Cândido Rondon,PR,milho,2464.7,2023-03-02,0.621,0.043,0.537,4.3,Sentinel-2
PR-0192,Marechal Cândido Rondon,PR,milho,2464.7,2023-04-01,0.626,0.056,0.547,4.9,Sentinel-2
PR-0192,Marechal Cândido Rondon,PR,milho,2464.7,2023-05-01,0.584,0.059,0.498,17.9,Sentinel-2
PR-0192,Marechal Cândido Rondon,PR,milho,2464.7,2023-05-31,0.763,0.056,0.66,19.0,Sentinel-2
PR-0192,Marechal Cândido Rondon,PR,milho,2464.7,2023-06-30,0.731,0.055,0.633,32.0,Sentinel-2
PR-0192,Marechal Cândido Rondon,PR,milho,2464.7,2023-07-30,0.505,0.035,0.47,5.6,Sentinel-2
PR-0192,Marechal Cândido Rondon,PR,milho,2464.7,2023-08-29,0.491,0.085,0.421,8.5,Sentinel-2
PR-0192,Marechal Cândido Rondon,PR,milho,2464.7,2023-09-28,0.707,0.041,0.641,3.3,Sentinel-2
PR-0192,Marechal Cândido Rondon,PR,milho,2464.7,2023-10-28,0.634,0.026,0.546,2.9,Sentinel-2
PR-0192,Marechal Cândido Rondon,PR,milho,2464.7,2023-11-27,0.88,0.025,0.793,8.3,Sentinel-2
PR-0193,Londrina,PR,cana-de-açúcar,1837.2,2023-01-01,0.567,0.039,0.497,1.1,Sentinel-2
PR-0193,Londrina,PR,cana-de-açúcar,1837.2,2023-01-31,0.642,0.038,0.603,3.4,Sentinel-2
PR-0193,Londrina,PR,cana-de-açúcar,1837.2,2023-03-02,0.682,0.046,0.631,1.4,Sentinel-2
PR-0193,Londrina,PR,cana-de-açúcar,1837.2,2023-04-01,0.799,0.068,0.701,21.8,Sentinel-2
PR-0193,Londrina,PR,cana-de-açúcar,1837.2,2023-05-01,0.52,0.065,0.488,10.6,Sentinel-2
PR-0193,Londrina,PR,cana-de-açúcar,1837.2,2023-05-31,0.651,0.064,0.609,1.5,Sentinel-2
PR-0193,Londrina,PR,cana-de-açúcar,1837.2,2023-06-30,0.788,0.039,0.679,7.6,Sentinel-2
PR-0193,Londrina,PR,cana-de-açúcar,1837.2,2023-07-30,0.686,0.089,0.622,0.6,Sentinel-2
PR-0193,Londrina,PR,cana-de-açúcar,1837.2,2023-08-29,0.68,0.033,0.616,3.1,Sentinel-2
PR-0193,Londrina,PR,cana-de-açúcar,1837.2,2023-09-28,0.578,0.054,0.485,36.0,Sentinel-2
PR-0193,Londrina,PR,cana-de-açúcar,1837.2,2023-10-28,0.696,0.054,0.605,2.7,Sentinel-2
PR-0193,Londrina,PR,cana-de-açúcar,1837.2,2023-11-27,0.847,0.064,0.748,13.4,Sentinel-2
PR-0194,Palotina,PR,soja,1767.2,2023-01-01,0.772,0.095,0.687,4.2,Sentinel-2
PR-0194,Palotina,PR,soja,1767.2,2023-01-31,0.661,0.053,0.573,1.6,Sentinel-2
PR-0194,Palotina,PR,soja,1767.2,2023-03-02,0.692,0.016,0.588,14.3,Sentinel-2
PR-0194,Palotina,PR,soja,1767.2,2023-04-01,0.629,0.04,0.537,3.5,Sentinel-2
PR-0194,Palotina,PR,soja,1767.2,2023-05-01,0.546,0.043,0.48,4.5,Sentinel-2
PR-0194,Palotina,PR,soja,1767.2,2023-05-31,0.668,0.055,0.587,0.7,Sentinel-2
PR-0194,Palotina,PR,soja,1767.2,2023-06-30,0.657,0.044,0.582,7.4,Sentinel-2
PR-0194,Palotina,PR,soja,1767.2,2023-07-30,0.689,0.053,0.612,22.6,Sentinel-2
PR-0194,Palotina,PR,soja,1767.2,2023-08-29,0.707,0.053,0.613,16.4,Sentinel-2
PR-0194,Palotina,PR,soja,1767.2,2023-09-28,0.684,0.068,0.594,6.9,Sentinel-2
PR-0194,Palotina,PR,soja,1767.2,2023-10-28,0.86,0.023,0.728,0.5,Sentinel-2
PR-0194,Palotina,PR,soja,1767.2,2023-11-27,0.72,0.057,0.617,5.1,Sentinel-2
PR-0195,Umuarama,PR,soja,145.2,2023-01-01,0.564,0.078,0.492,6.3,Sentinel-2
PR-0195,Umuarama,PR,soja,145.2,2023-01-31,0.515,0.055,0.403,8.7,Sentinel-2
PR-0195,Umuarama,PR,soja,145.2,2023-03-02,0.623,0.05,0.586,18.8,Sentinel-2
PR-0195,Umuarama,PR,soja,145.2,2023-04-01,0.678,0.05,0.557,0.3,Sentinel-2
PR-0195,Umuarama,PR,soja,145.2,2023-05-01,0.733,0.054,0.615,0.7,Sentinel-2
PR-0195,Umuarama,PR,soja,145.2,2023-05-31,0.41,0.014,0.342,2.5,Sentinel-2
PR-0195,Umuarama,PR,soja,145.2,2023-06-30,0.516,0.061,0.42,4.5,Sentinel-2
PR-0195,Umuarama,PR,soja,145.2,2023-07-30,0.483,0.047,0.457,28.5,Sentinel-2
PR-0195,Umuarama,PR,soja,145.2,2023-08-29,0.523,0.061,0.461,6.1,Sentinel-2
PR-0195,Umuarama,PR,soja,145.2,2023-09-28,0.389,0.079,0.315,10.7,Sentinel-2
PR-0195,Umuarama,PR,soja,145.2,2023-10-28,0.539,0.058,0.472,4.5,Sentinel-2
PR-0195,Umuarama,PR,soja,145.2,2023-11-27,0.417,0.05,0.367,4.6,Sentinel-2
PR-0196,Guarapuava,PR,trigo,1087.8,2023-01-01,0.615,0.063,0.538,2.1,Sentinel-2
PR-0196,Guarapuava,PR,trigo,1087.8,2023-01-31,0.796,0.059,0.65,12.6,Sentinel-2
PR-0196,Guarapuava,PR,trigo,1087.8,2023-03-02,0.343,0.035,0.33,13.4,Sentinel-2
PR-0196,Guarapuava,PR,trigo,1087.8,2023-04-01,0.666,0.069,0.585,1.6,Sentinel-2
PR-0196,Guarapuava,PR,trigo,1087.8,2023-05-01,0.668,0.065,0.573,2.8,Sentinel-2
PR-0196,Guarapuava,PR,trigo,1087.8,2023-05-31,0.502,0.042,0.422,1.0,Sentinel-2
PR-0196,Guarapuava,PR,trigo,1087.8,2023-06-30,0.644,0.067,0.538,10.6,Sentinel-2
PR-0196,Guarapuava,PR,trigo,1087.8,2023-07-30,0.535,0.032,0.5,2.0,Sentinel-2
PR-0196,Guarapuava,PR,trigo,1087.8,2023-08-29,0.51,0.014,0.447,8.5,Sentinel-2
PR-0196,Guarapuava,PR,trigo,1087.8,2023-09-28,0.56,0.044,0.485,9.6,Sentinel-2
PR-0196,Guarapuava,PR,trigo,1087.8,2023-10-28,0.613,0.06,0.559,7.8,Sentinel-2
PR-0196,Guarapuava,PR,trigo,1087.8,2023-11-27,0.549,0.057,0.491,1.2,Sentinel-2
PR-0197,Ponta Grossa,PR,milho,949.6,2023-01-01,0.458,0.079,0.403,30.5,Sentinel-2
PR-0197,Ponta Grossa,PR,milho,949.6,2023-01-31,0.369,0.051,0.294,4.8,Sentinel-2
PR-0197,Ponta Grossa,PR,milho,949.6,2023-03-02,0.536,0.075,0.482,3.9,Sentinel-2
PR-0197,Ponta Grossa,PR,milho,949.6,2023-04-01,0.45,0.064,0.384,2.6,Sentinel-2
PR-0197,Ponta Grossa,PR,milho,949.6,2023-05-01,0.242,0.045,0.223,0.4,Sentinel-2
PR-0197,Ponta Grossa,PR,milho,949.6,2023-05-31,0.26,0.064,0.239,4.5,Sentinel-2
PR-0197,Ponta Grossa,PR,milho,949.6,2023-06-30,0.447,0.066,0.371,0.2,Sentinel-2
PR-0197,Ponta Grossa,PR,milho,949.6,2023-07-30,0.321,0.027,0.253,20.5,Sentinel-2
PR-0197,Ponta Grossa,PR,milho,949.6,2023-08-29,0.533,0.04,0.435,3.3,Sentinel-2
PR-0197,Ponta Grossa,PR,milho,949.6,2023-09-28,0.321,0.07,0.26,4.5,Sentinel-2
PR-0197,Ponta Grossa,PR,milho,949.6,2023-10-28,0.405,0.028,0.361,3.9,Sentinel-2
PR-0197,Ponta Grossa,PR,milho,949.6,2023-11-27,0.45,0.055,0.362,15.6,Sentinel-2
PR-0198,Ponta Grossa,PR,cana-de-açúcar,1300.3,2023-01-01,0.508,0.045,0.464,39.3,Sentinel-2
PR-0198,Ponta Grossa,PR,cana-de-açúcar,1300.3,2023-01-31,0.475,0.063,0.457,2.6,Sentinel-2
PR-0198,Ponta Grossa,PR,cana-de-açúcar,1300.3,2023-03-02,0.47,0.045,0.444,2.8,Sentinel-2
PR-0198,Ponta Grossa,PR,cana-de-açúcar,1300.3,2023-04-01,0.499,0.055,0.432,2.6,Sentinel-2
PR-0198,Ponta Grossa,PR,cana-de-açúcar,1300.3,2023-05-01,0.412,0.075,0.339,0.1,Sentinel-2
PR-0198,Ponta Grossa,PR,cana-de-açúcar,1300.3,2023-05-31,0.293,0.05,0.283,14.5,Sentinel-2
PR-0198,Ponta Grossa,PR,cana-de-açúcar,1300.3,2023-06-30,0.476,0.042,0.417,0.3,Sentinel-2
PR-0198,Ponta Grossa,PR,cana-de-açúcar,1300.3,2023-07-30,0.421,0.042,0.389,6.5,Sentinel-2
PR-0198,Ponta Grossa,PR,cana-de-açúcar,1300.3,2023-08-29,0.321,0.074,0.316,6.4,Sentinel-2
PR-0198,Ponta Grossa,PR,cana-de-açúcar,1300.3,2023-09-28,0.592,0.081,0.509,2.4,Sentinel-2
PR-0198,Ponta Grossa,PR,cana-de-açúcar,1300.3,2023-10-28,0.516,0.045,0.435,1.5,Sentinel-2
PR-0198,Ponta Grossa,PR,cana-de-açúcar,1300.3,2023-11-27,0.502,0.08,0.416,2.1,Sentinel-2
PR-0199,Cascavel,PR,milho,2069.1,2023-01-01,0.499,0.057,0.433,10.0,Sentinel-2
PR-0199,Cascavel,PR,milho,2069.1,2023-01-31,0.488,0.059,0.44,9.1,Sentinel-2
PR-0199,Cascavel,PR,milho,2069.1,2023-03-02,0.6,0.045,0.517,3.4,Sentinel-2
PR-0199,Cascavel,PR,milho,2069.1,2023-04-01,0.371,0.079,0.333,5.7,Sentinel-2
PR-0199,Cascavel,PR,milho,2069.1,2023-05-01,0.459,0.078,0.373,4.3,Sentinel-2
PR-0199,Cascavel,PR,milho,2069.1,2023-05-31,0.611,0.034,0.5,1.2,Sentinel-2
PR-0199,Cascavel,PR,milho,2069.1,2023-06-30,0.352,0.091,0.296,8.4,Sentinel-2
PR-0199,Cascavel,PR,milho,2069.1,2023-07-30,0.556,0.01,0.493,7.8,Sentinel-2
PR-0199,Cascavel,PR,milho,2069.1,2023-08-29,0.469,0.065,0.448,0.2,Sentinel-2
PR-0199,Cascavel,PR,milho,2069.1,2023-09-28,0.418,0.032,0.341,5.7,Sentinel-2
PR-0199,Cascavel,PR,milho,2069.1,2023-10-28,0.558,0.037,0.469,1.9,Sentinel-2
PR-0199,Cascavel,PR,milho,2069.1,2023-11-27,0.476,0.063,0.41,10.4,Sentinel-2
PR-0200,Londrina,PR,soja,2867.8,2023-01-01,0.399,0.032,0.325,6.2,Sentinel-2
PR-0200,Londrina,PR,soja,2867.8,2023-01-31,0.601,0.09,0.551,12.8,Sentinel-2
PR-0200,Londrina,PR,soja,2867.8,2023-03-02,0.605,0.042,0.509,1.7,Sentinel-2
PR-0200,Londrina,PR,soja,2867.8,2023-04-01,0.709,0.021,0.597,3.2,Sentinel-2
PR-0200,Londrina,PR,soja,2867.8,2023-05-01,0.723,0.01,0.632,28.7,Sentinel-2
PR-0200,Londrina,PR,soja,2867.8,2023-05-31,0.726,0.052,0.612,25.3,Sentinel-2
PR-0200,Londrina,PR,soja,2867.8,2023-06-30,0.606,0.064,0.519,3.6,Sentinel-2
PR-0200,Londrina,PR,soja,2867.8,2023-07-30,0.625,0.046,0.545,12.3,Sentinel-2
PR-0200,Londrina,PR,soja,2867.8,2023-08-29,0.664,0.097,0.623,2.2,Sentinel-2
PR-0200,Londrina,PR,soja,2867.8,2023-09-28,0.701,0.085,0.594,8.8,Sentinel-2
PR-0200,Londrina,PR,soja,2867.8,2023-10-28,0.58,0.038,0.499,4.2,Sentinel-2
PR-0200,Londrina,PR,soja,2867.8,2023-11-27,0.762,0.049,0.663,5.5,Sentinel-2
